passed,year,adult,popularity,runtime,vote_average,vote_count
0,2010,FALSE,11.803808,93,6,2021
1,2013,FALSE,1.807794,90,4.8,19
0,2010,FALSE,6.324751,109,6,175
0,2009,FALSE,1.847803,96,6.2,20
0,2009,FALSE,5.081422,99,5.9,91
1,2010,FALSE,34.047399,124,5.9,2382
1,2009,FALSE,0.370737,86,6,2
0,2009,FALSE,8.378149,161,7.2,397
0,2009,FALSE,3.877603,101,5.5,29
0,2010,FALSE,9.544657,103,4.7,1180
1,2015,FALSE,0.4721,90,2.4,4
0,2010,FALSE,9.034929,107,6,1231
1,2007,FALSE,1.338785,89,6,20
1,2010,FALSE,22.274502,95,7.1,6595
1,2010,FALSE,29.108149,148,8.1,14075
1,2010,FALSE,23.981251,102,6,1746
0,2010,FALSE,12.758942,109,5.9,1583
1,2009,FALSE,7.588652,99,6.2,36
1,1996,FALSE,0.483201,176,4.6,11
1,2010,FALSE,11.690781,140,6.2,1675
1,2009,FALSE,6.269507,90,5.4,60
1,2010,FALSE,5.899155,106,6.5,512
1,2015,FALSE,1.605963,98,7.2,27
0,2009,FALSE,1.991189,86,6,43
0,2010,FALSE,7.039325,75,7.6,459
1,2010,FALSE,8.704455,100,6.2,2125
0,2009,FALSE,11.817059,156,7.9,1616
0,2010,FALSE,11.623718,114,5.5,542
1,2010,FALSE,8.983275,109,6,450
1,2014,FALSE,4.876494,86,6.1,48
1,2010,FALSE,7.467591,103,6.2,249
0,2010,FALSE,6.273131,99,6.8,589
0,2010,FALSE,12.536621,107,6.1,1406
1,2010,FALSE,8.534211,82,5.1,63
0,2010,FALSE,14.75562,103,6,2977
1,2010,FALSE,13.793301,112,7.2,2185
0,2010,FALSE,9.649312,113,6.7,240
0,2010,FALSE,13.00941,97,6,394
1,2009,FALSE,3.311392,97,6.3,30
0,2010,FALSE,9.662564,96,6.4,304
1,2007,FALSE,7.930423,90,5.9,67
0,2009,FALSE,3.977054,114,6.2,68
1,2002,FALSE,0.206599,118,4,2
1,2003,FALSE,0.857462,87,7.4,8
0,2009,FALSE,4.678848,103,6.5,100
1,2009,FALSE,9.62432,92,6,67
1,2009,FALSE,6.632194,96,6.1,212
0,2010,FALSE,12.17886,92,5.2,185
1,2010,FALSE,6.397109,87,5.6,330
0,2010,FALSE,7.275649,104,5.8,488
0,2010,FALSE,5.695408,101,5.9,599
0,2006,FALSE,1.802597,11,6,28
1,2010,FALSE,7.120403,105,6.3,1171
1,2010,FALSE,9.111782,107,6.6,595
1,2010,FALSE,6.876053,102,6,271
1,2006,FALSE,1.529879,93,6.7,27
1,2014,FALSE,0.289068,86,0,0
1,2010,FALSE,0.452934,97,5.8,1382
0,2010,FALSE,16.972995,120,7.1,3492
1,2010,FALSE,5.860115,78,7,171
0,2010,FALSE,13.081203,125,7,1516
1,2009,FALSE,5.877186,93,5.9,81
1,2010,FALSE,15.138144,92,6.7,2282
1,2010,FALSE,15.904834,133,5.8,655
0,2010,FALSE,5.416588,84,6.8,68
1,2010,FALSE,10.279685,89,7.4,426
1,2010,FALSE,9.819864,133,5.8,504
1,2010,FALSE,2.385264,100,6.7,11
0,2010,FALSE,7.095445,105,6.5,94
0,2009,FALSE,4.976918,96,6.6,16
1,2010,FALSE,1.504355,76,5.4,8
0,2010,FALSE,11.11946,116,6.7,656
1,2010,FALSE,7.681383,123,6.8,103
0,2008,FALSE,5.634004,84,6.1,90
1,2010,FALSE,7.094276,80,5.8,836
1,2010,FALSE,12.820452,105,6,380
1,2010,FALSE,7.824962,114,6.6,873
0,2010,FALSE,5.174738,87,6.5,201
1,2010,FALSE,6.36477,98,5.8,254
0,2008,FALSE,3.232681,101,5.7,36
0,2010,FALSE,6.154375,94,6.2,597
1,2010,FALSE,11.024462,107,7,195
0,2009,FALSE,0.265854,82,5.2,6
1,2010,FALSE,8.278794,104,6.8,755
1,2016,FALSE,2.847024,91,5.4,44
1,1995,FALSE,2.027982,99,6.4,9
1,2010,FALSE,5.44702,86,5.5,113
1,2010,FALSE,5.305905,85,5.7,252
0,2007,FALSE,11.634377,112,5.7,213
0,2010,FALSE,4.577881,93,7.3,117
1,2009,FALSE,5.873597,92,5.6,249
1,2010,FALSE,7.320221,92,4.8,121
0,2010,FALSE,12.595165,111,6.6,2858
1,2010,FALSE,5.282976,107,5.2,150
1,2006,FALSE,1.399056,82,5.4,8
0,2014,FALSE,0.346654,0,3,1
1,2009,FALSE,9.71579,89,5.2,31
0,2007,FALSE,10.425288,94,6.2,62
1,2009,FALSE,0.450207,87,5.2,3
1,2010,FALSE,7.388933,91,5.7,734
0,2010,FALSE,11.73956,95,6.2,1737
1,2010,FALSE,11.176797,94,7,2668
0,2010,FALSE,11.603905,95,6.7,1968
1,2010,FALSE,12.989056,108,7.3,4562
0,2010,FALSE,3.581434,89,6.1,39
1,2010,FALSE,6.303785,108,6.5,239
1,2009,FALSE,6.509699,96,6.3,13
1,2010,FALSE,12.697059,98,6.3,1193
1,2010,FALSE,10.771255,102,6.1,420
1,2010,FALSE,9.591425,133,6.9,927
1,2010,FALSE,7.098301,98,6,212
0,2010,FALSE,6.712894,98,6.4,218
0,2010,FALSE,7.131568,148,7.1,299
1,2010,FALSE,23.300362,146,7.5,5708
1,2010,FALSE,14.684761,100,7.4,3419
0,2010,FALSE,14.141837,116,7.2,1512
1,2010,FALSE,8.786269,95,4.8,83
1,2007,FALSE,1.784141,94,7.3,22
1,2010,FALSE,3.330769,88,4.3,18
0,2010,FALSE,8.377115,94,5.4,132
0,2010,FALSE,8.5508,108,6,94
1,2009,FALSE,3.176543,87,6.2,21
0,2010,FALSE,11.421915,103,5.7,261
1,2010,FALSE,7.676017,100,4.7,516
0,2011,FALSE,7.364563,86,5.9,878
1,2010,FALSE,12.383398,113,6.2,1555
1,2010,FALSE,2.799356,99,5.6,60
0,2010,FALSE,12.845045,103,6,1744
0,2009,FALSE,2.944431,91,6.1,35
0,2010,FALSE,4.51319,84,6.4,143
0,2010,FALSE,1.258706,103,7,27
1,2004,FALSE,0.995098,90,5,1
1,2010,FALSE,1.437125,90,3.9,6
1,2010,FALSE,4.983475,103,6.2,195
0,2010,FALSE,0.381779,110,8.5,2
1,2010,FALSE,10.730765,110,7.2,1701
1,2010,FALSE,5.000657,129,7,97
1,2010,FALSE,5.458387,121,4.9,229
1,2009,FALSE,3.373907,125,6.7,46
0,2010,FALSE,9.014972,98,6.1,577
1,2010,FALSE,7.007993,91,6.8,167
1,2010,FALSE,0.093776,81,5,1
0,2001,FALSE,0.628061,155,5.5,16
1,2014,FALSE,0.835182,18,6.9,22
1,2007,FALSE,0.351064,120,4.7,3
1,2009,FALSE,2.775816,102,7.3,33
1,2010,FALSE,6.904518,91,5,106
1,2010,FALSE,9.276539,119,6.9,581
1,2010,FALSE,6.771868,89,7.3,860
0,2010,FALSE,6.598296,80,5.2,228
1,2010,FALSE,4.326838,113,6.6,94
0,1998,FALSE,15.280219,90,6.1,243
0,2011,FALSE,7.888013,119,5.5,1274
0,2010,FALSE,9.402082,133,6.8,462
1,2006,FALSE,0.486036,100,6,6
1,2009,FALSE,7.836321,104,6.6,120
0,2011,FALSE,7.513067,111,5.2,306
0,2010,FALSE,8.832903,107,7,117
1,2011,FALSE,0.591217,90,4.3,4
0,2011,FALSE,12.114955,105,7.1,3888
0,2010,FALSE,4.743279,100,5.6,69
1,2010,FALSE,6.182802,110,6.5,141
1,2011,FALSE,8.88057,107,6.1,1367
0,2011,FALSE,6.807442,119,7,923
1,2011,FALSE,7.128117,114,5.8,577
1,2010,FALSE,2.216959,134,7,22
1,2011,FALSE,11.096527,107,5,87
1,2010,FALSE,4.582024,117,5.9,80
0,2011,FALSE,14.443599,113,6.5,1288
0,2011,FALSE,4.84886,87,5.9,135
0,2010,FALSE,8.419427,92,4.8,165
1,2011,FALSE,10.24382,104,6.5,1825
0,2010,FALSE,2.898859,105,7,44
1,1996,FALSE,2.853737,240,7.6,39
1,2009,FALSE,4.290624,120,7.2,82
0,2011,FALSE,10.581925,107,6.6,2094
1,2011,FALSE,9.420301,106,6.5,1677
1,2010,FALSE,0.249567,85,7,2
0,2010,FALSE,0.97699,119,6.5,10
0,2010,FALSE,9.668784,100,6.4,89
0,2011,FALSE,9.832342,93,6.3,1066
0,2011,FALSE,9.13273,105,5.4,627
0,2011,FALSE,6.196929,114,5.9,426
0,2011,FALSE,9.388376,109,5.9,1606
0,2011,FALSE,6.753746,116,5.5,1462
0,1998,FALSE,1.199512,97,5.3,24
0,2011,FALSE,4.470133,90,7.1,110
1,2011,FALSE,7.24717,88,5.6,202
1,2009,FALSE,0.700028,114,5.7,9
1,2011,FALSE,9.267959,117,6.3,1588
1,2010,FALSE,5.899325,103,6.1,105
1,1996,FALSE,0.016421,72,0,0
1,2011,FALSE,10.174298,100,5.7,958
0,2010,FALSE,8.309635,96,6.6,446
0,2011,FALSE,9.796962,93,7.1,2752
1,1996,FALSE,7.089084,120,7,438
1,2011,FALSE,13.779527,110,5.9,1661
0,2010,FALSE,2.972178,84,5.9,42
0,2009,FALSE,0.919483,109,5.8,15
1,2011,FALSE,6.496259,96,6.4,209
0,2006,FALSE,1.915832,88,4.3,6
0,2010,FALSE,11.331859,106,8.1,282
1,2010,FALSE,17.24814,103,6.8,1775
0,2011,FALSE,10.926038,86,5.7,213
1,2011,FALSE,4.480723,106,6.7,176
0,2008,FALSE,8.474973,74,5.9,87
1,2004,FALSE,1.179182,89,2.9,7
0,2010,FALSE,3.308503,87,7.5,66
0,2011,FALSE,8.425361,99,6.3,250
0,2011,FALSE,8.904488,95,5.5,338
1,2015,FALSE,0.077408,94,0,0
1,2011,FALSE,8.071196,111,6.5,1284
0,1998,FALSE,1.634663,98,5.9,6
1,2009,FALSE,0.547182,84,5.5,14
0,2010,FALSE,10.520394,124,6.5,63
0,2011,FALSE,9.698075,110,5.3,270
1,2011,FALSE,10.000721,111,6.1,930
0,2011,FALSE,10.403228,96,6.5,2213
1,2011,FALSE,8.124767,136,7,915
1,2011,FALSE,29.158489,115,6.6,6678
1,2009,FALSE,2.355305,84,5.1,18
1,2011,FALSE,3.010129,336,7.3,36
1,2004,FALSE,7.107178,90,3.9,13
0,2011,FALSE,7.649466,120,6.7,879
1,2009,FALSE,0.983842,103,6.9,10
1,2015,FALSE,0.543548,99,4.8,5
1,2011,FALSE,1.420361,130,7.1,2491
1,2005,FALSE,0.744845,85,6.8,7
1,2011,FALSE,2.7151,95,5.9,33
1,2010,FALSE,8.596012,130,7.9,496
1,2011,FALSE,11.009053,106,6.9,355
0,2015,FALSE,0.017296,72,10,1
1,2011,FALSE,6.810991,125,6.5,1697
0,2011,FALSE,8.259952,87,5.4,710
0,2011,FALSE,27.88772,136,6.4,5068
1,2011,FALSE,11.43256,94,7.4,2049
0,2011,FALSE,11.204539,139,6.5,1009
1,2011,FALSE,8.453293,91,5.3,230
1,2015,FALSE,0.646946,99,0,0
1,2011,FALSE,9.93263,88,6.3,748
0,2010,FALSE,7.131032,128,7.2,166
1,2011,FALSE,11.481921,91,6.7,1925
0,2007,FALSE,0.334601,84,4,1
1,2011,FALSE,0.738633,132,7.1,5252
0,2010,FALSE,7.346099,97,7.4,452
1,2014,FALSE,6.212898,98,6,131
0,2010,FALSE,4.779994,97,6,210
0,2010,FALSE,6.72639,105,6.8,353
1,2011,FALSE,19.529911,112,6.6,2496
1,2010,FALSE,5.116632,98,5.8,65
0,2011,FALSE,3.144046,87,7.2,47
0,2011,FALSE,13.985631,114,5.1,2551
1,2010,FALSE,4.118699,98,4.7,49
1,2011,FALSE,7.310686,92,5.4,1634
1,2011,FALSE,4.503505,154,6.1,3351
0,2010,FALSE,0.507532,0,7,1
0,2011,FALSE,5.67375,102,5.2,511
1,2010,FALSE,2.554659,99,4.9,54
1,2010,FALSE,0.776951,87,4.9,18
0,2011,FALSE,3.363008,97,6.9,53
1,2003,FALSE,0.578154,90,6.3,4
0,2010,FALSE,7.000421,107,6.1,399
1,2011,FALSE,9.856955,98,6.4,2341
0,2010,FALSE,2.25904,90,5.4,42
0,2011,FALSE,13.693002,106,5.8,2088
1,2010,FALSE,5.727987,88,5.8,334
0,2011,FALSE,1.373641,88,7.1,20
1,2009,FALSE,1.10475,88,5.7,13
0,2006,FALSE,0.941648,0,7.3,10
1,2009,FALSE,1.319694,71,6,14
1,2011,FALSE,8.34835,109,6,611
0,2010,FALSE,5.935839,93,6.2,136
1,2011,FALSE,24.990737,130,7.9,6141
1,2011,FALSE,15.388875,100,7.4,3832
1,2011,FALSE,2.003832,104,5.3,22
0,2011,FALSE,19.323582,124,6.6,7174
1,2011,FALSE,10.246173,118,7,2522
0,2011,FALSE,11.239012,107,7,1006
0,2011,FALSE,11.256636,96,6.8,378
1,2011,FALSE,4.520607,86,4.8,121
0,2011,FALSE,7.357682,63,6.8,263
1,2011,FALSE,5.895968,102,5.9,145
1,1996,FALSE,1.376588,125,7.3,6
1,2011,FALSE,10.219758,103,5.5,1201
0,2010,FALSE,12.763976,107,4.5,142
1,2011,FALSE,10.009007,109,6.5,2306
1,2010,FALSE,1.226856,75,5,17
1,2011,FALSE,5.918193,90,5.9,369
1,2011,FALSE,5.044201,90,6.4,202
1,2010,FALSE,0.749665,103,6.3,15
0,2011,FALSE,41.613762,105,7,4452
0,2011,FALSE,6.906145,112,5.9,753
1,2011,FALSE,7.486118,146,7.9,1966
0,2011,FALSE,9.763493,83,5.6,537
1,2010,FALSE,2.23481,96,5.3,39
0,2010,FALSE,3.533091,130,6.5,73
1,2009,FALSE,1.021195,110,6.3,4
0,2011,FALSE,12.912491,92,5.9,892
1,2010,FALSE,5.481452,122,6.2,138
1,2010,FALSE,5.633243,110,7.1,122
1,2010,FALSE,1.916629,107,6.5,36
1,2011,FALSE,9.665251,106,6,617
1,2011,FALSE,8.957372,92,6.8,535
0,2011,FALSE,5.886972,106,6.7,218
0,2010,FALSE,7.814255,98,6.2,290
1,2010,FALSE,8.426611,113,6.2,261
0,2011,FALSE,8.062578,108,6.5,848
1,2010,FALSE,1.172363,84,7.9,31
1,2011,FALSE,10.949076,113,5.2,612
1,2011,FALSE,6.167646,104,5.7,139
0,2011,FALSE,5.747681,97,6.2,341
1,2011,FALSE,1.61744,91,5.8,28
1,2011,FALSE,6.340655,88,5.9,321
0,2010,FALSE,4.186599,89,5.2,20
0,2010,FALSE,5.053905,91,5.2,104
1,2011,FALSE,8.244359,106,6.2,1351
1,2011,FALSE,5.356167,102,5.3,186
1,2011,FALSE,8.048422,110,5.5,147
0,2011,FALSE,15.785663,133,7,1409
1,2011,FALSE,11.395112,93,6.8,98
1,2011,FALSE,6.140556,91,6.3,156
1,2010,FALSE,1.064684,94,6.3,14
1,2009,FALSE,2.045691,85,6.6,19
0,2011,FALSE,12.17054,121,6.2,231
1,2007,FALSE,8.895086,93,6.9,78
1,2011,FALSE,0.721192,100,6,11
1,1998,FALSE,89.887648,143,7.4,12000
0,2011,FALSE,7.728737,127,6.6,856
1,2011,FALSE,9.865944,99,6.2,589
0,2011,FALSE,13.121626,140,7.7,1297
0,2009,FALSE,2.719197,89,5.5,41
1,2011,FALSE,1.175325,100,6.9,9
0,2011,FALSE,6.82647,101,6.5,924
1,2011,FALSE,15.014569,95,6,214
0,2011,FALSE,8.046632,116,6.1,703
0,2011,FALSE,11.869481,100,7,1287
0,2011,FALSE,11.440948,100,7.3,1075
1,2011,FALSE,1.349971,107,7.4,24
1,2011,FALSE,5.59686,120,7.1,479
1,2011,FALSE,5.812898,92,6,82
1,2008,FALSE,0.624313,87,7.3,4
0,2011,FALSE,19.265552,127,6.6,2749
0,2003,FALSE,0.289621,99,6.7,6
1,2011,FALSE,4.778934,89,5.7,76
1,2011,FALSE,6.162257,113,6.4,438
1,2011,FALSE,10.169411,103,6,876
0,2011,FALSE,4.548774,93,7.3,124
1,2011,FALSE,7.665011,101,6.7,278
1,2011,FALSE,5.325574,112,7.4,687
0,2011,FALSE,6.303466,110,5.6,945
0,2011,FALSE,10.324613,109,6.7,3512
1,2010,FALSE,5.829953,100,7.3,34
1,2011,FALSE,5.113573,149,6.1,86
1,2011,FALSE,8.844835,80,7,760
0,2011,FALSE,8.340757,107,6.7,531
1,2011,FALSE,10.996308,83,5.9,685
1,2011,FALSE,8.98296,127,7.9,292
1,2011,FALSE,7.174869,106,6.2,205
1,2009,FALSE,0.452088,88,6.5,3
1,2011,FALSE,10.668658,101,6,1026
0,2011,FALSE,10.512109,106,5.6,987
0,2011,FALSE,10.710831,118,6.7,275
0,2011,FALSE,11.72049,100,7,897
1,2011,FALSE,9.995617,84,5.8,401
1,2011,FALSE,5.031094,64,7.1,255
0,2007,FALSE,1.516288,80,4.6,4
0,1996,FALSE,0.873375,117,6.1,7
0,2011,FALSE,7.762917,104,5.8,945
0,2011,FALSE,5.498819,98,5.8,226
0,2011,FALSE,19.201504,107,6.7,2095
1,2011,FALSE,12.892982,82,7.2,181
1,2011,FALSE,14.046164,126,7,2197
1,2011,FALSE,1.137468,109,5.3,14
0,2011,FALSE,10.363671,110,5.7,898
1,2011,FALSE,6.620033,91,4,619
0,1999,FALSE,3.674758,98,5.8,82
0,2011,FALSE,4.993565,95,7.4,73
0,2010,FALSE,0.91351,102,6.4,8
1,2011,FALSE,3.496577,119,6.2,37
0,2011,FALSE,5.276685,129,6,75
1,2011,FALSE,11.794753,115,6.7,956
1,2011,FALSE,8.002786,90,6.5,386
0,2011,FALSE,10.214369,103,6.5,509
1,2011,FALSE,25.9725,117,5.8,2622
0,2011,FALSE,8.166363,146,7,1016
0,2011,FALSE,10.110504,120,5.6,391
1,2011,FALSE,12.203066,99,6.6,418
1,2009,FALSE,0.351875,94,4,1
1,2016,FALSE,5.197424,97,7.1,7
0,2011,FALSE,4.727171,96,7.5,164
0,2011,FALSE,2.07741,143,7,33
0,2011,FALSE,10.298762,141,6.6,50
1,2011,FALSE,13.105682,81,5.4,330
0,2011,FALSE,8.453796,97,6.7,340
1,2009,FALSE,6.756741,92,6.2,22
1,2011,FALSE,8.132748,87,6.2,261
0,2012,FALSE,8.26008,92,5.2,490
1,2012,FALSE,14.881566,103,6.1,2940
1,2012,FALSE,20.031667,142,6.9,9634
1,2010,FALSE,7.279917,111,5.9,95
0,2007,FALSE,0.307397,76,5.6,6
0,2012,FALSE,20.58258,165,7.6,9263
1,2012,FALSE,14.89499,120,6,2683
0,2011,FALSE,18.695329,129,7,3971
0,2011,FALSE,6.914615,123,5.9,133
1,2011,FALSE,6.142913,94,5.6,368
1,2011,FALSE,12.463435,102,5.8,154
0,2011,FALSE,14.25843,133,6.8,4026
0,2011,FALSE,10.563152,124,6.5,928
1,2009,FALSE,8.907829,158,7.2,2479
1,2011,FALSE,8.127392,89,4.8,474
1,2006,FALSE,0.617996,88,6.8,9
1,2011,FALSE,8.066393,87,5.4,499
1,2011,FALSE,5.379039,113,6.2,136
1,2011,FALSE,7.907571,100,5.7,175
1,2015,FALSE,9.734012,100,5.2,164
1,2014,FALSE,0.693366,86,5.5,2
1,2011,FALSE,9.586854,80,5.1,30
1,2011,FALSE,2.939603,86,7,33
1,2012,FALSE,5.747675,83,4.6,263
1,2012,FALSE,10.595067,109,6.1,777
1,2007,FALSE,4.842323,153,6.8,69
0,2011,FALSE,6.695229,113,6.6,166
1,2011,FALSE,7.421245,105,6.2,540
0,2012,FALSE,0.528701,181,5.8,7
1,2011,FALSE,3.344002,90,6.1,31
0,2015,FALSE,8.156758,110,6.4,84
1,2011,FALSE,7.406609,112,5.7,198
1,2012,FALSE,12.345348,88,6.1,1885
0,2012,FALSE,14.31675,117,6.4,1476
0,2012,FALSE,10.528173,102,6.2,936
0,2011,FALSE,9.574817,93,5.6,508
1,2010,FALSE,12.510849,112,6.6,157
0,2011,FALSE,1.72815,113,5.8,19
0,2011,FALSE,2.341677,140,6.8,39
0,2010,FALSE,0.762202,98,6.2,12
1,2007,FALSE,0.950301,120,5.6,10
0,2009,FALSE,0.89682,100,6.4,5
0,2011,FALSE,10.711742,86,5,359
0,2012,FALSE,7.145835,125,5.9,180
1,2012,FALSE,6.322435,91,5.3,392
1,2011,FALSE,4.974482,119,5.8,62
1,2011,FALSE,8.560726,102,5.4,223
1,2012,FALSE,6.159379,107,6.6,153
0,2011,FALSE,5.324419,92,6.2,385
0,2012,FALSE,12.47441,84,6.6,1965
0,2012,FALSE,8.896679,95,6.1,1237
0,2011,FALSE,5.24456,83,6.4,430
0,2010,FALSE,2.380795,92,7.5,47
1,2001,FALSE,6.879235,76,6.4,182
1,2012,FALSE,9.524298,104,7,1328
1,2011,FALSE,0.385288,100,7.7,6
1,2012,FALSE,10.378756,85,5.8,111
0,2012,FALSE,9.46307,94,5.8,1050
1,2011,FALSE,11.047948,92,6.9,298
1,2010,FALSE,16.544322,85,5.8,81
1,2009,FALSE,3.124151,90,6,22
0,2011,FALSE,0.131404,73,7,2
0,2010,FALSE,10.265386,102,6.7,237
0,2011,FALSE,9.421301,95,4.7,1163
1,2011,FALSE,1.604527,107,6.8,35
0,2011,FALSE,7.0713,107,7,206
1,2010,FALSE,3.40682,70,6.5,68
1,2007,FALSE,9.384244,94,5.9,346
1,2011,FALSE,7.666558,129,6.8,77
0,2012,FALSE,9.803023,88,6.5,1624
0,2012,FALSE,7.689395,86,6.3,1048
0,2011,FALSE,10.267905,100,5.6,252
0,2012,FALSE,12.159818,110,6.3,420
0,2012,FALSE,12.366641,103,5.9,1411
0,1997,FALSE,1.472339,31,6.4,24
1,2012,FALSE,14.670353,132,6.1,2170
0,2011,FALSE,5.79967,103,6.8,165
0,2011,FALSE,8.817924,92,6.5,338
1,2011,FALSE,9.336568,107,6.3,470
1,2012,FALSE,12.844171,118,6.4,98
0,2012,FALSE,11.250764,109,6.7,4151
1,2011,FALSE,5.872794,83,6.1,220
1,2011,FALSE,6.780752,99,6.2,160
0,2011,FALSE,7.789413,82,7.8,239
1,2011,FALSE,5.910385,99,5.6,67
0,2011,FALSE,6.753328,107,6.3,325
1,2004,FALSE,1.750965,124,6.3,9
1,2004,FALSE,0.475948,40,7.1,8
0,2012,FALSE,7.739904,99,5.5,1459
1,2011,FALSE,4.179477,97,7.3,343
1,2012,FALSE,19.561767,93,5.6,563
1,2011,FALSE,4.54174,92,5.8,121
1,2011,FALSE,14.811958,95,6.6,2314
1,1996,FALSE,1.017716,75,7.4,5
1,2011,FALSE,10.114319,100,5.3,66
1,2011,FALSE,10.239941,85,5.2,125
1,2009,FALSE,0.705208,91,4.3,2
0,2012,FALSE,7.254242,111,6.1,432
1,2012,FALSE,14.170183,106,5.5,1148
0,2012,FALSE,13.106966,131,5.5,2141
1,2011,FALSE,6.771605,88,6.5,21
1,2011,FALSE,9.23046,124,6.9,468
0,2010,FALSE,0.500427,107,7.1,12
0,2011,FALSE,4.666232,129,7.4,106
1,2011,FALSE,14.331454,100,6.6,262
1,2012,FALSE,12.84554,124,5.7,466
1,2009,FALSE,12.239661,100,5.8,33
1,2012,FALSE,5.264551,122,6.9,287
1,2012,FALSE,7.740762,101,6.8,981
1,1995,FALSE,8.234382,94,6.3,808
0,1996,FALSE,1.682371,185,7.3,22
1,2011,FALSE,2.664211,112,6,57
0,2012,FALSE,1.031792,114,6.2,9
1,2012,FALSE,10.665859,113,5.7,2383
0,1996,FALSE,0.062936,74,5,1
1,2011,FALSE,11.033977,89,6.1,68
1,2010,FALSE,0.214552,96,5.4,5
1,2011,FALSE,0.904979,109,6.7,18
0,2010,FALSE,4.441525,110,5.7,78
0,2012,FALSE,7.446085,83,5.9,1789
1,2012,FALSE,18.751554,127,5.8,3183
1,2011,FALSE,5.209056,85,6.3,109
1,2011,FALSE,4.788492,94,6.4,108
0,2012,FALSE,6.76513,88,4.9,492
1,2011,FALSE,6.21609,99,5.6,156
1,2012,FALSE,16.624854,124,6.3,5152
1,2012,FALSE,10.403371,89,5.5,194
0,2011,FALSE,5.875181,100,6.5,325
1,2011,FALSE,5.735158,116,6.3,127
0,2010,FALSE,1.600787,102,7.6,38
1,2012,FALSE,9.295078,98,5.3,402
1,2012,FALSE,8.692433,94,7.6,1701
1,2012,FALSE,3.174936,122,7.3,61
0,2012,FALSE,6.247758,76,6.6,103
1,2011,FALSE,1.574947,90,3,3
0,1999,FALSE,0.372715,10,6.8,22
0,2012,FALSE,6.087109,109,5.1,337
0,2012,FALSE,5.446745,91,6,381
1,2012,FALSE,7.067494,85,6.8,562
0,2012,FALSE,0.979775,83,4.9,4
0,2011,FALSE,4.191928,98,6.6,73
0,2011,FALSE,1.507249,85,5.9,34
1,2010,FALSE,2.936334,85,6.2,55
1,2012,FALSE,15.876341,93,6.7,4760
0,2016,FALSE,1.854367,94,5.3,3
0,2012,FALSE,7.812646,111,5.6,564
1,2012,FALSE,7.922636,94,5.5,1297
1,2010,FALSE,5.805666,117,5.9,63
1,2011,FALSE,7.74967,93,5.7,130
1,2012,FALSE,12.558042,123,6,392
0,2012,FALSE,6.947533,101,6.3,713
0,2012,FALSE,19.638605,106,6.3,4811
1,2012,FALSE,3.403206,94,6.1,54
1,2012,FALSE,8.732425,110,6.1,1062
0,2016,FALSE,4.62403,97,6,14
0,2012,FALSE,31.102267,136,6.5,6734
0,2012,FALSE,13.26958,88,6.2,2731
1,2012,FALSE,5.550496,93,6.8,411
1,2012,FALSE,14.906621,114,6.6,206
1,2007,FALSE,13.248022,131,6.2,784
0,2012,FALSE,13.276971,98,5.3,899
1,2012,FALSE,4.68182,91,5.4,94
1,2003,FALSE,0.451122,30,6.1,11
0,2012,FALSE,6.452069,102,6.4,433
0,2010,FALSE,1.311545,95,4.7,9
0,2012,FALSE,4.494016,102,5.8,73
1,2012,FALSE,7.692815,104,7,546
0,2012,FALSE,16.42635,121,5.8,2540
0,2005,FALSE,6.114738,90,5.2,39
1,2011,FALSE,0.52322,13,9.6,5
0,2007,FALSE,2.669195,82,5.1,51
1,2012,FALSE,20.309585,143,6.9,7718
0,2012,FALSE,7.581463,85,5.6,594
1,2012,FALSE,7.255301,100,5.8,287
1,2011,FALSE,9.920479,94,6,35
1,2012,FALSE,10.425038,90,6.7,808
1,2012,FALSE,10.225555,94,6,229
1,2012,FALSE,5.654784,91,6.2,848
1,2012,FALSE,5.426921,105,6.6,392
0,2012,FALSE,7.968423,115,6.8,1055
0,2012,FALSE,2.944038,81,6.6,65
1,2008,FALSE,7.286477,92,5.8,509
1,2008,FALSE,1.019161,87,6.1,5
1,2012,FALSE,10.893224,87,5.3,457
0,2012,FALSE,6.089971,96,6.4,384
1,2012,FALSE,11.03595,112,7.3,2310
0,2001,FALSE,9.491177,102,8,169
0,2012,FALSE,12.727269,118,6.6,4777
1,2012,FALSE,7.563444,90,6.3,225
1,2012,FALSE,0.948759,95,5.6,1618
1,2001,FALSE,0.108027,96,5.3,2
1,2012,FALSE,4.296441,87,4.8,55
0,2012,FALSE,8.074218,137,7,720
0,2012,FALSE,5.808496,100,6.1,300
1,2012,FALSE,1.891233,106,5.8,25
1,2012,FALSE,7.45279,109,7.2,1186
0,2012,FALSE,7.820787,116,5.8,385
1,2012,FALSE,12.775679,102,7.7,3056
0,2012,FALSE,8.462801,115,7.9,946
0,2012,FALSE,7.34241,115,7,232
0,2012,FALSE,2.315249,108,7.1,39
1,2012,FALSE,2.24386,116,5.8,36
0,2012,FALSE,16.376482,91,6.1,2783
1,2012,FALSE,5.526878,107,5.4,244
1,2012,FALSE,8.513457,101,5.6,566
1,2012,FALSE,7.96508,106,5.7,339
1,2012,FALSE,5.900375,109,7,91
1,2011,FALSE,0.459659,80,5.5,4
1,2006,FALSE,0.631309,85,5.2,5
1,2012,FALSE,4.920986,103,6.6,77
0,2012,FALSE,7.83072,118,7,248
0,2012,FALSE,10.296047,87,6.6,951
0,2012,FALSE,12.490637,110,6.8,1611
1,2012,FALSE,16.231945,91,6.8,2622
0,2012,FALSE,1.150293,98,6.3,14
1,2012,FALSE,14.238234,120,7.1,3473
0,2012,FALSE,9.643538,110,6.7,1224
1,2011,FALSE,8.328357,90,5.8,154
1,2012,FALSE,5.256712,121,5.9,46
0,2012,FALSE,7.113542,97,6.1,179
1,2012,FALSE,8.26942,86,3.7,22
1,1996,FALSE,2.932292,96,7.4,34
1,2011,FALSE,9.382577,86,4.8,135
1,2011,FALSE,5.799422,93,4.8,107
1,2012,FALSE,2.795503,93,5.3,48
1,2012,FALSE,6.188286,95,5.2,574
1,2012,FALSE,13.494246,172,6.6,3031
1,2012,FALSE,5.745206,94,5.1,435
1,2012,FALSE,2.643849,116,5.8,34
0,2012,FALSE,6.777326,97,5.8,751
0,2012,FALSE,5.760319,98,6.6,183
1,2011,FALSE,0.233401,0,5,6
1,2012,FALSE,4.893812,85,6.3,88
1,2007,FALSE,4.822464,88,5.1,68
1,2012,FALSE,13.697597,108,7.1,4656
1,2016,FALSE,,,,
1,2012,FALSE,14.488111,122,7,4840
1,2012,FALSE,10.973822,138,6.5,2449
0,2012,FALSE,8.543311,130,6.5,660
0,2012,FALSE,14.045042,127,7.2,5912
0,2012,FALSE,8.310945,96,5.2,369
1,2012,FALSE,12.493245,81,5.9,148
0,2012,FALSE,6.770051,84,5.5,237
1,2005,FALSE,1.126803,93,4,14
1,2012,FALSE,11.03656,105,6.6,80
1,2012,FALSE,7.663947,127,7.5,413
0,2012,FALSE,11.20619,88,5.8,141
0,2012,FALSE,9.189238,85,5.1,52
1,2012,FALSE,12.107182,76,7.7,410
1,2012,FALSE,10.680331,149,6.7,1456
1,2012,FALSE,6.290812,93,4.9,93
1,2011,FALSE,3.476938,85,4.8,34
1,2012,FALSE,26.080995,115,6.1,2641
1,2000,FALSE,0.132439,66,7,1
1,2012,FALSE,4.707256,92,5.5,17
0,2012,FALSE,5.627787,93,5.3,573
0,2012,FALSE,10.943775,97,7.1,1981
1,2012,FALSE,6.79497,118,6.1,300
1,2011,FALSE,6.078336,84,4.7,7
1,2012,FALSE,7.429822,92,6.4,240
1,2012,FALSE,7.859968,99,6.7,679
1,2010,FALSE,0.000018,123,0,0
1,2013,FALSE,8.534039,122,6.4,165
0,2012,FALSE,10.841495,98,6.3,527
1,2012,FALSE,4.912681,105,7.3,71
0,2012,FALSE,23.253089,169,7,8427
0,2012,FALSE,3.724207,94,5.3,77
0,2012,FALSE,3.779077,155,7.2,84
1,2012,FALSE,9.649303,157,6.7,1723
0,2013,FALSE,10.430238,97,6.4,2698
1,2011,FALSE,2.477815,117,5.8,22
1,2012,FALSE,7.479014,95,5.4,287
0,2012,FALSE,3.687905,98,6.1,49
0,2012,FALSE,12.789812,130,6.3,3046
0,2012,FALSE,19.785025,165,7.8,10297
1,2012,FALSE,11.418802,134,5.6,909
1,2012,FALSE,8.546197,90,6.2,96
1,2012,FALSE,2.688548,112,5.4,32
1,2012,FALSE,6.93228,98,6.4,141
1,2010,FALSE,1.31098,98,6.3,9
1,2012,FALSE,8.332313,93,5.8,289
1,2010,FALSE,4.834304,97,5.8,354
1,2010,FALSE,0.594166,93,6.2,8
1,2012,FALSE,11.746053,104,5.8,212
0,2012,FALSE,9.143819,99,6.3,257
0,2011,FALSE,5.928982,78,4.3,14
0,2012,FALSE,10.855439,85,5.9,85
1,2012,FALSE,0.278476,105,5.6,4
1,2012,FALSE,3.611437,133,7.3,68
0,1996,FALSE,6.532164,86,5.3,38
1,2014,FALSE,0.981883,128,6.3,8
1,2010,FALSE,0.400975,90,6,3
1,2011,FALSE,0.457497,88,6.2,10
1,2013,FALSE,7.214828,92,5.3,475
0,2013,FALSE,8.581558,113,6.2,1805
0,2012,FALSE,4.704351,125,5.1,30
0,2012,FALSE,5.367502,121,5.9,261
1,2013,FALSE,6.531373,86,5.4,523
1,2009,FALSE,1.812246,106,6.5,12
1,2011,FALSE,0.681778,76,3.3,2
1,2009,FALSE,1.09906,0,4.1,6
1,2012,FALSE,5.337351,111,6.5,34
0,2013,FALSE,10.691321,107,5.7,1282
1,2013,FALSE,16.018525,100,6,1452
0,2013,FALSE,8.003815,96,6.5,277
1,2012,FALSE,4.38806,101,5.7,84
0,2005,FALSE,0.15962,240,8.6,4
1,2013,FALSE,13.963892,118,5.7,1467
1,2012,FALSE,9.921876,88,6.2,187
0,2012,FALSE,1.006239,58,7.5,12
1,2010,FALSE,1.010072,91,3.5,27
1,2012,FALSE,4.77863,103,6.6,51
1,2012,FALSE,3.291884,88,5.3,42
1,2013,FALSE,6.53667,116,6.5,308
1,2012,FALSE,2.437961,110,7,46
0,2012,FALSE,2.847953,92,5.4,39
0,2012,FALSE,5.97966,118,7,132
1,2012,FALSE,5.348025,103,7.3,379
1,2013,FALSE,11.645847,106,6.4,1340
0,2013,FALSE,7.321172,111,5.6,1667
1,2012,FALSE,6.468915,108,7.1,104
1,2000,FALSE,20.485203,124,5.6,1017
0,2013,FALSE,12.471865,98,5.2,3519
1,2013,FALSE,7.598422,115,6.9,840
1,2013,FALSE,11.617481,89,5.7,337
1,2013,FALSE,11.30324,108,7.3,583
1,2011,FALSE,13.869345,90,5.3,149
1,2012,FALSE,2.060217,76,5.3,28
0,2013,FALSE,26.972326,97,6.1,668
0,2012,FALSE,7.90622,88,7,113
0,2013,FALSE,11.606061,114,5.5,2634
1,2013,FALSE,5.874458,88,4.4,204
1,2013,FALSE,10.560608,110,5.4,3045
1,2013,FALSE,7.222816,99,6.5,895
1,1996,FALSE,6.651567,99,5.5,120
1,2013,FALSE,7.150388,118,5.9,646
1,2013,FALSE,14.757874,98,6.8,2447
1,2011,FALSE,0.17424,105,7,2
0,2011,FALSE,3.042738,91,4.3,39
1,2012,FALSE,8.804555,111,6.6,190
1,2010,FALSE,2.698707,120,6.5,37
1,2014,FALSE,1.564398,87,6.8,26
1,2013,FALSE,0.213435,91,5.8,6
1,2012,FALSE,2.989182,100,5.2,35
1,2012,FALSE,5.15245,90,5.9,196
1,2013,FALSE,11.783332,97,5.4,348
0,2013,FALSE,9.385769,100,5.3,732
1,2012,FALSE,14.830235,94,5,1580
0,2010,FALSE,0.553158,0,4.2,14
1,2011,FALSE,0.132262,81,5.7,3
1,2013,FALSE,8.611077,94,6.6,1275
0,2013,FALSE,10.978188,120,6.2,3010
1,2013,FALSE,3.00147,95,5.7,39
1,2009,FALSE,7.04835,87,5.6,11
1,2012,FALSE,9.617662,105,7.3,259
0,2012,FALSE,7.492658,140,6.8,1689
1,2012,FALSE,10.642891,100,5.8,165
1,2006,FALSE,11.342024,125,6,1859
1,2010,FALSE,0.967134,85,6,25
1,2011,FALSE,8.278079,93,5,52
1,2013,FALSE,10.098539,107,5.5,307
1,2013,FALSE,12.01525,91,6.4,1754
0,2013,FALSE,7.876299,101,6.5,975
0,2013,FALSE,7.67857,99,5.7,284
1,2011,FALSE,7.502597,113,6.3,23
1,2013,FALSE,14.654053,124,6.4,4862
1,2012,FALSE,8.452485,112,5.9,164
0,2013,FALSE,11.637224,128,6.8,795
0,2013,FALSE,12.18812,115,6.9,459
1,2012,FALSE,9.609614,94,6,140
0,2012,FALSE,9.329974,100,5.6,251
1,2009,FALSE,1.377897,85,4,10
1,2009,FALSE,0.185714,89,6,4
0,2013,FALSE,11.414048,107,6.2,2394
1,2013,FALSE,23.721243,130,6.8,8951
0,2013,FALSE,7.112624,90,5.3,223
0,2011,FALSE,6.475665,130,5.9,77
0,2013,FALSE,7.881579,130,7,1080
1,2013,FALSE,3.931936,105,6.2,64
1,2012,FALSE,5.46567,102,4.4,91
0,2012,FALSE,5.538648,98,5.4,46
1,2013,FALSE,17.598936,143,7.3,3885
0,2013,FALSE,15.78129,132,7.4,4479
0,2013,FALSE,0.393865,119,6.1,1691
1,2012,FALSE,11.397245,95,4.9,44
1,2012,FALSE,13.922815,108,7.1,77
1,2013,FALSE,6.069475,90,5.6,886
1,2013,FALSE,11.913405,102,6.4,1143
1,2008,FALSE,1.458231,102,5.5,11
1,2012,FALSE,12.507625,112,7.7,341
1,2012,FALSE,8.471415,86,7.3,358
1,2012,FALSE,9.981121,101,5.1,244
0,2013,FALSE,7.339451,118,6.6,307
1,2011,FALSE,2.037221,115,6.7,36
1,2010,FALSE,8.367858,89,5.3,110
1,2013,FALSE,7.089137,111,6.6,121
0,2013,FALSE,10.747642,100,5,2579
0,2013,FALSE,17.852022,115,7.3,5635
1,2013,FALSE,6.383512,92,6,234
0,2012,FALSE,10.04115,95,5,52
1,2010,FALSE,0.582453,87,6.3,8
1,2013,FALSE,12.015917,90,6.3,23
0,2012,FALSE,5.532455,92,6.1,107
1,2013,FALSE,10.342737,103,7.1,695
1,1996,FALSE,7.025918,123,5.5,17
1,2012,FALSE,5.455903,107,7.1,117
1,2013,FALSE,18.538834,143,6.5,6462
0,2013,FALSE,6.25805,93,7,427
1,2013,FALSE,6.651605,90,5.7,421
1,2012,FALSE,5.329701,113,7.1,70
1,2013,FALSE,23.207663,86,6,2498
1,2013,FALSE,8.283621,89,7.4,85
1,2013,FALSE,7.913029,90,5.3,1205
0,2013,FALSE,16.267502,104,7,3622
0,2013,FALSE,5.093586,99,4.4,95
0,2013,FALSE,33.949359,131,6.7,4903
1,2012,FALSE,1.83717,87,5.6,25
1,2013,FALSE,26.114917,116,6.7,5683
1,2013,FALSE,15.232738,109,6.4,3510
1,2012,FALSE,8.535611,93,7.4,149
1,2012,FALSE,9.912269,98,5.8,167
1,2013,FALSE,6.964263,90,6.2,549
1,2013,FALSE,7.090029,100,6.6,370
1,2013,FALSE,24.82355,98,7,4729
0,2013,FALSE,9.920223,131,6.3,1910
1,2010,FALSE,0.000018,123,0,0
0,1995,FALSE,12.706403,117,6.5,1595
0,2013,FALSE,12.729104,149,5.9,2361
1,2012,FALSE,10.260026,100,5.1,146
1,2012,FALSE,3.908079,140,6.3,27
1,2013,FALSE,10.714779,95,6,300
0,2015,FALSE,0.328289,147,5.8,2
0,2013,FALSE,8.098964,95,6.8,1074
0,2013,FALSE,11.26248,112,5.7,164
1,2013,FALSE,5.499664,98,5.2,126
0,2012,FALSE,5.945296,103,6.7,101
1,2013,FALSE,5.305049,81,5.3,71
1,2013,FALSE,4.928195,86,3.8,484
0,1996,FALSE,0.48737,210,4,3
1,2012,FALSE,6.715938,97,7.3,657
1,2013,FALSE,13.305596,85,7.3,397
0,2013,FALSE,9.369679,96,5.4,1280
0,2010,FALSE,3.723562,88,5.4,67
0,2013,FALSE,9.527559,75,7.3,458
0,2013,FALSE,13.382027,91,5.3,425
0,1995,FALSE,0.653579,204,9.5,2
0,2013,FALSE,13.567726,90,6.3,71
1,2013,FALSE,14.90169,112,7.4,3169
1,2011,FALSE,7.515436,96,5.1,281
0,2013,FALSE,9.726664,95,5.2,465
1,2013,FALSE,8.979753,96,6.1,1094
1,2013,FALSE,3.918287,126,6.3,4110
1,2013,FALSE,7.745083,90,6,361
1,2013,FALSE,11.04233,116,6.4,1548
0,2013,FALSE,6.976215,111,6.4,130
0,2013,FALSE,13.336512,109,6.6,1611
1,2013,FALSE,12.61244,98,7,1126
1,2013,FALSE,8.176134,142,7.3,745
0,2013,FALSE,7.244622,90,3.8,23
1,2013,FALSE,10.338222,106,5.9,1685
1,2013,FALSE,10.640864,105,5.5,711
1,2013,FALSE,10.130541,90,6.5,184
0,2013,FALSE,2.826746,91,6.3,37
1,2013,FALSE,8.353231,72,7.1,41
1,2013,FALSE,11.829231,105,5.8,295
0,2013,FALSE,6.57698,94,6,111
0,2013,FALSE,9.411725,100,5.8,1180
1,2011,FALSE,0.527275,95,4.6,4
1,2013,FALSE,13.570264,103,6.3,2275
0,2013,FALSE,9.596377,119,6.2,2066
0,2013,FALSE,11.604181,91,5.7,568
1,2013,FALSE,5.495138,83,7.9,456
1,2013,FALSE,14.336187,130,6.2,1649
1,2013,FALSE,2.976672,89,5.2,32
1,2013,FALSE,9.769134,93,6.4,232
1,2013,FALSE,11.213913,123,7.8,2140
0,2010,FALSE,6.108241,75,7.1,152
1,2013,FALSE,12.388833,105,6.1,473
1,2001,FALSE,0.223332,90,4.8,2
0,2011,FALSE,0.825042,98,7.8,5
1,2009,FALSE,2.464117,85,5.5,22
1,2012,FALSE,4.565307,89,6.2,76
1,1996,FALSE,0.241093,102,7.5,2
1,2013,FALSE,11.096363,92,5.7,23
0,2013,FALSE,12.797172,96,5.8,174
1,2013,FALSE,2.957165,75,4.5,32
0,2013,FALSE,18.50194,91,7.3,5879
1,2013,FALSE,1.39366,87,4.6,14
1,2013,FALSE,10.841891,93,6.7,688
0,2012,FALSE,1.807096,86,6.6,27
1,2013,FALSE,11.96262,153,7.9,3183
0,2013,FALSE,6.760321,116,6.5,731
1,2012,FALSE,2.390972,97,6.6,32
1,2013,FALSE,8.076305,97,6.6,192
0,2013,FALSE,9.040324,106,6.5,1237
0,2013,FALSE,10.63552,123,7.7,2310
1,2013,FALSE,8.047735,111,6.1,1052
1,2013,FALSE,12.34835,96,7.9,460
0,2012,FALSE,3.611436,12,5.3,18
1,2013,FALSE,7.081404,104,5.5,348
1,2012,FALSE,7.913726,108,5.5,110
1,2009,FALSE,5.626141,89,6.2,381
1,2013,FALSE,4.573796,95,6,68
0,2012,FALSE,1.304887,87,6.8,11
1,2013,FALSE,11.160699,115,7.4,648
1,2013,FALSE,6.782909,93,6.6,351
1,2013,FALSE,10.948605,90,5.9,1708
0,2013,FALSE,8.864607,91,5.5,547
1,2012,FALSE,1.128018,100,6.3,7
1,2013,FALSE,15.771245,97,5.6,417
1,2013,FALSE,14.412061,95,6.4,936
0,2013,FALSE,13.776068,134,7.6,2495
0,2012,FALSE,3.00007,104,6.7,43
1,2013,FALSE,9.251084,107,5.3,642
0,2013,FALSE,14.970485,97,6.8,628
1,2013,FALSE,2.279636,100,6.6,46
1,2013,FALSE,5.590678,96,5.6,87
0,2013,FALSE,14.191611,115,6.7,1688
1,2013,FALSE,2.53363,108,6.1,41
1,2010,FALSE,8.870325,100,6,102
1,2002,FALSE,18.399055,100,5.8,1505
0,2013,FALSE,10.850442,128,5.7,368
1,2013,FALSE,14.723646,117,5,724
1,2013,FALSE,8.534039,122,6.4,165
0,2011,FALSE,7.597475,93,6.5,344
1,2013,FALSE,30.316249,134,7.9,3787
0,2013,FALSE,7.075031,104,7.1,455
0,2013,FALSE,12.74965,106,6.6,679
1,2010,FALSE,2.518077,109,5.3,24
0,2007,FALSE,1.732983,109,6.4,24
1,2013,FALSE,34.905447,112,6.8,4873
1,2008,FALSE,0.0424,96,4,1
1,2013,FALSE,14.785719,117,7.9,2973
0,2012,FALSE,7.60849,89,5.1,224
0,2013,FALSE,5.921419,91,7.2,83
1,2013,FALSE,14.21278,101,6.4,270
1,2013,FALSE,4.80745,103,5.7,103
1,2002,FALSE,10.053166,97,6.3,272
0,1998,FALSE,6.812108,128,6.3,101
1,2010,FALSE,5.376548,93,6.4,58
0,2001,FALSE,1.355844,91,4,12
0,2013,FALSE,9.157369,105,6.4,813
1,2013,FALSE,0.265046,83,4.1,219
0,2010,FALSE,0.308842,90,3.1,6
1,2013,FALSE,6.927182,98,7.4,588
1,2013,FALSE,16.373622,131,7.4,1528
1,2013,FALSE,6.102021,123,6.7,110
1,2013,FALSE,8.651053,80,7.1,262
1,2013,FALSE,25.309139,146,7.4,6656
1,2013,FALSE,20.644776,161,7.6,4633
0,2013,FALSE,14.88937,119,5.9,1357
0,2013,FALSE,13.548808,105,6.2,561
0,2010,FALSE,24.248243,102,7.3,5440
0,2013,FALSE,10.838063,105,7.2,845
0,2009,FALSE,1.038141,117,7.1,14
1,2013,FALSE,16.382422,180,7.9,6768
0,2013,FALSE,9.896704,100,6.4,898
0,2013,FALSE,11.318079,141,6.5,225
1,2013,FALSE,6.954296,121,6.9,497
1,2013,FALSE,16.478036,138,6.8,2868
1,2013,FALSE,8.684892,114,7,3213
0,2013,FALSE,13.829515,126,7.9,4215
0,2013,FALSE,4.86809,90,5,31
1,2001,FALSE,0.430616,105,6.7,5
1,2013,FALSE,2.650803,80,7.2,31
0,2007,FALSE,1.28251,105,5.3,3
0,2013,FALSE,10.855502,121,7.4,1549
1,2013,FALSE,2.941353,79,6.5,55
1,2013,FALSE,15.130888,125,7.3,1256
0,2013,FALSE,1.512586,88,7.1,32
1,2013,FALSE,6.636313,96,6.2,80
1,2013,FALSE,1.044582,87,4.1,20
0,2003,FALSE,7.882353,104,5.9,632
1,2013,FALSE,7.600751,119,6,940
1,2012,FALSE,0.115688,100,8,3
1,2013,FALSE,14.131906,126,6.7,2910
1,2013,FALSE,8.753381,97,5.9,211
0,2013,FALSE,3.356422,83,5.9,65
0,2013,FALSE,13.332387,155,7.2,365
0,1999,FALSE,3.587006,102,6.1,27
1,2012,FALSE,4.871071,90,4.3,109
0,2012,FALSE,2.546614,99,6.4,15
1,2013,FALSE,5.314063,93,5.8,84
1,2013,FALSE,4.190074,90,4.6,31
0,2014,FALSE,8.898523,84,5.2,455
1,2013,FALSE,13.594992,123,7.2,585
1,2012,FALSE,0.390499,90,6,2
0,2007,FALSE,0.916712,90,6.3,2
0,2014,FALSE,4.726238,106,6.4,270
1,2002,FALSE,1.234015,103,5.9,17
1,2013,FALSE,4.183558,111,6.2,66
0,2013,FALSE,6.099421,116,6.7,277
1,2013,FALSE,7.859837,105,5.5,192
1,2013,FALSE,5.874701,95,5.3,91
0,2012,FALSE,0.68574,81,1.7,3
0,2013,FALSE,1.505666,81,7.3,31
0,2012,FALSE,0.80519,80,5.6,13
0,2014,FALSE,9.895752,99,6.1,867
0,2014,FALSE,11.234862,105,5.9,1194
1,2014,FALSE,21.572585,139,6.9,4784
1,2009,FALSE,1.139989,7,8.3,11
1,1996,FALSE,0.861893,95,6.4,9
0,2004,FALSE,1.797462,96,7.3,3
1,2012,FALSE,8.732143,83,4.9,80
1,2013,FALSE,9.078909,96,5.1,31
1,2013,FALSE,3.880541,91,5.5,38
1,2014,FALSE,8.138622,79,7,234
1,2013,FALSE,2.118377,90,4.5,41
1,2013,FALSE,4.262544,159,7.1,80
1,2008,FALSE,2.090843,139,6.1,33
0,2014,FALSE,9.415817,92,5.1,701
0,1998,FALSE,2.17195,87,7,2
0,2014,FALSE,7.392294,91,5.9,99
0,2013,FALSE,12.66992,91,6.7,1326
1,2009,FALSE,7.306487,74,7.2,133
1,2014,FALSE,5.658774,90,6.3,106
0,2006,FALSE,0.967551,101,4,1
1,2013,FALSE,6.839535,105,6.7,234
0,2001,FALSE,0.517479,89,6.1,5
1,2013,FALSE,4.909843,110,6.1,212
1,2013,FALSE,3.534494,105,6.2,56
0,2014,FALSE,11.132411,118,5.8,1545
1,2014,FALSE,16.418133,100,7.5,3127
0,2009,FALSE,2.234864,110,5.1,18
0,2014,FALSE,10.246549,102,5.7,2385
1,2005,FALSE,0.340366,65,3.5,7
1,2013,FALSE,6.281872,86,5.5,162
0,1998,FALSE,2.34262,79,4.3,10
1,2014,FALSE,6.966505,110,5.5,560
1,2014,FALSE,10.46897,96,6.2,356
1,2013,FALSE,4.944783,107,6.2,141
0,2014,FALSE,4.380997,91,5.9,78
0,2013,FALSE,10.990614,107,5.9,383
0,2014,FALSE,13.784411,118,6.5,346
0,2014,FALSE,5.916675,86,5.6,75
0,2014,FALSE,9.543004,100,6,217
0,2014,FALSE,14.442048,99,8,4644
0,2014,FALSE,6.739737,98,6,137
1,2009,FALSE,0.391552,102,6,108
1,2015,FALSE,0.963993,89,3.7,16
0,2014,FALSE,2.65071,133,7,43
1,2014,FALSE,8.060403,94,6.1,1020
1,2014,FALSE,32.213481,169,8.1,11187
0,2014,FALSE,2.069208,90,7.6,17
1,2014,FALSE,17.861119,113,6,896
1,2014,FALSE,19.650229,106,6.8,2302
1,2013,FALSE,4.121282,105,5.2,40
0,2004,FALSE,1.53998,72,5.8,8
0,2013,FALSE,3.802031,85,5.6,88
0,2014,FALSE,12.904677,102,6.1,2438
1,2013,FALSE,10.743115,99,7.1,102
1,2013,FALSE,7.220003,78,5,140
0,2014,FALSE,10.896238,108,5.2,134
1,2014,FALSE,6.480574,83,6.7,190
0,2013,FALSE,11.311004,85,6.3,156
1,2010,FALSE,1.715955,111,6.8,35
1,2004,FALSE,2.369185,98,5.8,5
0,2014,FALSE,6.707974,108,6,1118
0,2014,FALSE,18.271383,130,6.1,1560
1,2014,FALSE,,,,
1,2014,FALSE,7.510159,107,6.5,482
0,2013,FALSE,5.847166,88,6.4,335
0,2014,FALSE,5.255451,98,6.8,220
0,2002,FALSE,1.132774,10,6.8,14
0,2013,FALSE,7.70426,122,6,63
1,2014,FALSE,18.717704,136,7.6,5881
1,2014,FALSE,14.924487,139,5.5,2408
1,2013,FALSE,1.138099,104,5.8,15
1,2007,FALSE,0.553636,107,6,5
0,2014,FALSE,6.599539,99,4.4,542
0,2014,FALSE,7.244956,112,6.2,318
1,2012,FALSE,7.164645,96,6.5,51
1,2012,FALSE,5.875708,90,6.1,65
1,2013,FALSE,5.871579,92,5.9,336
0,2010,FALSE,5.818278,182,7,59
0,2014,FALSE,5.596449,109,6.5,309
0,2010,FALSE,0.138737,80,5,3
0,2014,FALSE,26.23687,142,6.5,4274
0,2002,FALSE,0.646465,98,10,1
0,2014,FALSE,12.317738,74,6.8,299
0,2014,FALSE,11.033403,100,7.1,334
1,2014,FALSE,8.698043,104,6.3,1079
1,2014,FALSE,8.18534,102,6.3,997
0,2013,FALSE,9.596119,90,5.9,219
0,2014,FALSE,9.730176,119,5.9,2339
1,2011,FALSE,3.092998,90,5.5,60
0,2014,FALSE,7.88371,99,6.1,234
1,2014,FALSE,9.389354,109,6.2,1467
1,2004,FALSE,7.424487,79,6,450
0,2013,FALSE,3.74133,93,6.4,50
1,2014,FALSE,12.227198,104,5.8,603
1,2014,FALSE,7.482959,90,5.7,628
0,2013,FALSE,12.792394,85,6.9,780
1,2014,FALSE,12.204174,105,5.2,1294
1,2013,FALSE,1.539406,84,4.6,29
1,2014,FALSE,11.90575,96,6.2,2773
1,1999,FALSE,0.625962,0,4.9,4
1,2013,FALSE,5.819403,91,5.4,108
1,2014,FALSE,13.454169,105,7.2,230
1,2013,FALSE,6.985915,117,6.2,256
1,2014,FALSE,6.965686,90,5.2,187
1,2011,FALSE,3.849058,80,6.6,28
1,2014,FALSE,11.322269,100,5.9,20
1,2014,FALSE,36.447603,89,6.3,6048
0,2014,FALSE,26.058586,131,7.5,6155
1,1998,FALSE,14.019239,123,6.1,3232
1,2011,FALSE,8.361319,100,5.1,90
1,2014,FALSE,7.844705,95,5.8,561
1,2013,FALSE,11.509412,90,6.9,464
1,2013,FALSE,7.261527,100,6.4,356
0,2014,FALSE,8.720309,114,7.2,1203
0,2014,FALSE,12.661286,133,7.9,320
0,2013,FALSE,1.634311,60,5.6,22
1,2014,FALSE,10.395472,117,6.6,1028
1,2014,FALSE,10.289628,104,7.3,1285
1,2014,FALSE,19.467404,97,7,4607
1,2014,FALSE,10.652311,96,5.5,265
1,2014,FALSE,5.599039,85,4.8,213
1,2013,FALSE,6.195085,101,5.9,53
1,2016,FALSE,0.689498,89,7.8,3
1,2013,FALSE,6.136853,94,5.7,139
0,2014,FALSE,10.38391,116,5.8,1494
0,2014,FALSE,31.982986,113,7.6,4979
1,2013,FALSE,0.239993,112,7,190
0,2015,FALSE,17.836882,131,7.1,3274
0,2014,FALSE,9.453942,124,6.6,264
1,2013,FALSE,0.265042,92,6,144
1,1997,FALSE,0.361288,52,5.4,7
1,2014,FALSE,16.274653,125,7.6,3868
0,2013,FALSE,15.108283,112,6.7,109
1,1997,FALSE,2.154873,48,6,2
1,2013,FALSE,0.110065,95,7,20
1,2014,FALSE,9.431879,112,5.8,398
1,2008,FALSE,1.97924,120,6.5,12
1,2013,FALSE,4.701726,105,6.6,156
1,2012,FALSE,4.783716,94,5.8,298
1,2012,FALSE,1.946823,87,3.8,20
0,2014,FALSE,17.618057,132,7.1,2997
0,2014,FALSE,12.256689,102,7.6,3163
1,2014,FALSE,18.193263,119,7.4,4657
1,2013,FALSE,2.382853,83,6,42
1,2013,FALSE,10.964552,86,5.1,101
1,2006,FALSE,1.182339,91,5,5
1,2014,FALSE,6.430591,164,7.5,2008
0,2014,FALSE,6.447072,134,6.8,257
0,2010,FALSE,1.633246,99,4.8,20
1,2012,FALSE,0.273637,101,6.5,2
1,2014,FALSE,18.495599,165,5.8,3136
1,1996,FALSE,1.547762,100,6.3,16
1,2014,FALSE,5.654098,100,5.5,103
0,2014,FALSE,5.847845,95,6.8,667
1,2013,FALSE,12.32849,91,5.9,145
1,2014,FALSE,9.139015,84,5.3,173
1,2014,FALSE,7.359522,97,5,508
1,2014,FALSE,8.832788,93,6.5,1890
0,2014,FALSE,64.29999,105,8.3,4376
1,2014,FALSE,154.801009,145,7.9,6023
0,2014,FALSE,75.385211,130,7.3,4511
0,2014,FALSE,8.536777,118,5.9,705
1,2012,FALSE,2.37094,115,7.5,10
1,2014,FALSE,11.901185,106,7.5,1089
1,2014,FALSE,27.756026,104,6.6,2008
1,2013,FALSE,3.352204,111,6.5,71
1,2014,FALSE,53.291601,121,7.9,10014
0,2007,FALSE,8.536786,95,5.8,639
0,2014,FALSE,14.753545,127,6.1,1830
0,2014,FALSE,2.424208,129,6.3,41
1,1997,FALSE,19.606895,99,5.6,1707
1,2009,FALSE,0.729211,94,5.5,12
0,2014,FALSE,10.432407,121,6.5,545
1,2014,FALSE,6.149295,120,6.4,304
1,2013,FALSE,1.519664,123,5.3,4
1,2014,FALSE,7.000038,85,5.1,14
1,2009,FALSE,2.859237,96,5.3,21
0,2014,FALSE,12.412221,89,5.7,294
1,2013,FALSE,1.549318,82,7.4,27
0,2014,FALSE,8.588926,112,6.7,649
0,2014,FALSE,6.561373,103,6.1,295
0,2014,FALSE,7.92736,139,6.4,158
1,2009,FALSE,7.732143,112,7.3,36
1,2014,FALSE,6.626077,97,6.5,749
0,2014,FALSE,5.480099,115,7,142
1,2014,FALSE,5.343018,109,6.5,362
1,2014,FALSE,14.466789,122,7.3,516
1,2014,FALSE,6.0955,75,7.3,298
1,2013,FALSE,7.752544,81,6.2,123
1,2015,FALSE,21.463465,124,5.2,2816
1,2014,FALSE,22.337973,101,5.8,2677
1,2014,FALSE,12.472206,94,6.4,1859
1,2013,FALSE,9.197511,90,6.1,83
1,2002,FALSE,0.256422,83,7.1,6
0,2010,FALSE,9.509765,104,6.1,33
0,2014,FALSE,6.3567,96,6.1,214
0,2014,FALSE,20.623642,102,6.3,1314
1,2014,FALSE,9.659244,106,7.3,1415
1,2016,FALSE,0.812417,91,6,5
1,2012,FALSE,0.236013,100,5.3,3
1,2013,FALSE,10.10786,114,5,108
1,2016,FALSE,4.08272,3,7.5,71
1,2013,FALSE,6.851243,89,7.2,653
1,2014,FALSE,10.846585,93,6.1,788
1,2014,FALSE,5.34697,91,6.8,259
1,2014,FALSE,2.093933,115,5.6,45
1,2014,FALSE,14.921298,92,6.2,672
1,2014,FALSE,9.111867,119,7.7,457
1,2014,FALSE,9.092925,89,5.8,829
0,2014,FALSE,11.695036,106,6.7,859
1,2014,FALSE,9.44394,90,6.7,294
0,2014,FALSE,76.93789,113,7,5540
1,2014,FALSE,24.644321,83,5.6,182
1,2014,FALSE,5.281329,86,4.5,192
0,2014,FALSE,6.967835,107,5.9,378
0,2014,FALSE,14.914924,113,6.2,1145
1,2014,FALSE,11.127162,107,6.1,100
1,2014,FALSE,12.938085,100,6.1,432
1,2014,FALSE,6.684283,111,6.8,98
1,2014,FALSE,11.576578,95,6.7,179
1,2014,FALSE,12.165685,118,6.8,255
0,2013,FALSE,3.711772,101,6.5,45
0,2014,FALSE,7.375146,122,6.4,262
1,2014,FALSE,2.851638,102,6.1,20
0,2014,FALSE,13.310556,108,6,645
1,2014,FALSE,12.898498,91,6.1,289
0,2012,FALSE,0.520853,0,3.6,5
1,2014,FALSE,1.406589,90,3.7,25
0,2014,FALSE,13.001155,105,7.6,430
0,2014,FALSE,11.563909,97,6.6,689
1,2009,FALSE,0.861968,80,4.8,13
0,2014,FALSE,11.313659,103,6.5,512
1,2009,FALSE,0.355953,102,6.8,10
0,2014,FALSE,19.228561,133,7.4,4600
0,2014,FALSE,12.330898,114,6.9,317
1,2013,FALSE,8.363417,120,6.2,878
1,2014,FALSE,23.242452,99,5.5,1588
1,2014,FALSE,3.723574,82,5.2,60
1,2014,FALSE,6.788822,86,6.3,690
0,2014,FALSE,16.316318,92,6.2,2439
0,2014,FALSE,5.700006,94,6.1,263
0,2014,FALSE,5.955203,99,5.1,74
1,2012,FALSE,1.342691,87,4.3,11
1,2015,FALSE,14.623692,112,5.8,334
1,2014,FALSE,6.703925,88,4.8,62
1,2014,FALSE,10.524204,97,7.3,1971
1,2013,FALSE,2.673105,102,6,24
0,2014,FALSE,10.504198,86,7.4,779
0,2014,FALSE,183.870374,101,7,5499
0,2014,FALSE,17.887943,141,7.2,1433
1,2014,FALSE,6.266831,119,6.2,106
0,2014,FALSE,6.15698,98,6.4,111
0,2014,FALSE,36.713807,135,7.4,4028
0,2007,FALSE,8.253705,100,6.2,285
1,2014,FALSE,6.773278,103,5.8,201
1,2014,FALSE,13.655752,102,7.1,770
0,2014,FALSE,5.916252,100,5.8,109
1,2014,FALSE,4.01643,96,5.8,25
1,2012,FALSE,5.590491,88,5.3,31
1,2011,FALSE,3.846559,89,4.7,28
1,2014,FALSE,7.861004,81,6.1,502
1,2014,FALSE,13.288564,89,4.9,1006
0,2011,FALSE,5.024828,89,5.4,77
1,2014,FALSE,21.277073,117,7.6,3475
0,2007,FALSE,0.227255,80,6.3,4
1,2014,FALSE,213.849907,102,7.8,6289
1,2014,FALSE,10.337994,95,7.3,778
1,2014,FALSE,14.566103,102,7.7,1660
1,2014,FALSE,3.524327,104,7.5,40
0,2015,FALSE,14.14078,108,7.6,4862
0,2013,FALSE,7.817221,89,5.2,61
0,2014,FALSE,6.328696,150,6.3,207
0,2009,FALSE,3.122855,11,7.4,74
0,2015,FALSE,0.697519,180,4,2
0,2016,FALSE,10.025137,76,6.6,74
1,2001,FALSE,4.78912,84,3.4,59
0,2014,FALSE,6.024652,150,7.2,65
1,2000,FALSE,0.48991,100,4.3,3
1,2014,FALSE,4.580804,105,6.4,104
1,2012,FALSE,4.645724,120,6.7,53
0,2009,FALSE,9.895965,92,4.3,45
1,2016,FALSE,0.631242,100,6.3,6
1,2015,FALSE,0.577051,15,5.4,14
0,2013,FALSE,4.999237,92,7.3,89
0,2014,FALSE,8.10357,134,6.5,965
1,2010,FALSE,4.927278,94,5.1,42
1,2009,FALSE,10.200558,81,6.4,230
0,2011,FALSE,8.747636,142,6.9,37
1,2014,FALSE,4.782116,95,6.1,108
1,2014,FALSE,2.134277,86,4.5,37
1,2012,FALSE,0.150813,103,5.8,4
0,2012,FALSE,1.804663,96,6.5,33
1,2013,FALSE,4.761441,98,6.2,86
1,2013,FALSE,0.617852,114,5.9,8
0,2013,FALSE,5.98915,100,7.3,164
1,2009,FALSE,0.336357,92,5.6,8
1,2009,FALSE,0.039145,90,9,1
1,2009,FALSE,0.058838,83,6,1
1,2009,FALSE,0.232568,95,4.5,2
0,2006,FALSE,0.427129,94,5,1
1,2013,FALSE,7.872557,96,5.9,70
0,2014,FALSE,31.59594,113,8,5895
0,2014,FALSE,13.52638,148,6.5,852
1,2014,FALSE,147.098006,123,6.6,5767
0,2014,FALSE,7.785779,103,6.5,99
1,2014,FALSE,2.924166,90,5.1,62
1,2014,FALSE,5.711274,100,8.1,262
1,2013,FALSE,11.190606,96,7,131
0,2014,FALSE,16.320249,150,5.6,1957
0,2014,FALSE,7.346304,112,7.1,243
1,2014,FALSE,8.764888,125,7.7,878
1,2013,FALSE,0.549689,50,7.1,7
0,2014,FALSE,0.317373,75,10,1
1,2014,FALSE,2.934599,88,5.1,60
1,2014,FALSE,5.546847,108,6.2,222
0,2008,FALSE,0.976916,90,6.4,17
1,2008,FALSE,3.27121,143,7.4,45
1,2014,FALSE,11.85302,123,7.8,3403
1,2008,FALSE,1.572904,102,6.4,11
1,2014,FALSE,8.268684,107,6.7,98
0,2014,FALSE,6.617708,115,6.3,134
0,2008,FALSE,0.851168,90,6.9,8
0,2014,FALSE,5.518654,105,5.9,100
0,2008,FALSE,0.714017,110,7.2,6
1,1998,FALSE,0.048315,80,7,1
1,2014,FALSE,6.967358,93,8.1,420
1,2014,FALSE,6.293515,116,7,139
1,2012,FALSE,6.031147,87,6.3,138
0,2015,FALSE,11.696923,122,6.5,1300
1,2011,FALSE,4.454853,95,6.1,283
1,2015,FALSE,32.790475,124,6.5,8842
0,2014,FALSE,6.584217,114,7.9,516
1,2014,FALSE,5.418357,90,6,327
0,2000,FALSE,1.712441,92,5.6,17
0,2014,FALSE,20.903362,108,6.1,1575
0,2000,FALSE,8.319796,84,5.5,70
1,1996,FALSE,2.010173,99,7.5,32
0,2014,FALSE,22.201607,92,6.5,1375
0,2014,FALSE,0.495744,137,7.2,5
1,2011,FALSE,2.941289,100,6.7,51
1,2014,FALSE,8.823253,99,7.5,1126
1,2014,FALSE,15.686837,95,7,899
1,2015,FALSE,41.225769,132,6.5,3148
0,1996,FALSE,0.213612,12,6.7,3
1,2012,FALSE,0.482475,120,6.8,3
0,2011,FALSE,1.334551,90,4.4,28
0,1998,FALSE,0.203251,100,3,2
1,2014,FALSE,8.151346,124,6.7,267
1,2013,FALSE,6.007987,89,5.1,124
0,2011,FALSE,2.697544,104,6.4,26
1,2011,FALSE,1.77348,114,5.4,32
1,2005,FALSE,8.261448,94,4,25
0,2013,FALSE,0.41754,100,6,1
1,2007,FALSE,0.252987,90,5.9,114
0,2014,FALSE,31.718977,144,7.1,4884
1,2014,FALSE,7.107071,127,7.4,835
0,2014,FALSE,10.543955,137,7.3,1437
0,2014,FALSE,9.989679,115,6.2,410
1,2014,FALSE,1.199515,127,6.5,25
1,2014,FALSE,10.831362,110,7.3,210
1,2005,FALSE,2.693566,95,4,29
1,2014,FALSE,6.039895,99,6.9,258
1,2014,FALSE,14.876086,138,8.2,734
1,2014,FALSE,17.187708,125,6.5,550
1,2014,FALSE,11.209154,115,7,961
1,1997,FALSE,3.435807,173,6.3,45
1,2014,FALSE,7.355355,102,6.3,212
0,2014,FALSE,0.912793,96,6.2,10
1,2014,FALSE,7.412826,105,6.8,1236
1,2014,FALSE,9.580785,125,5.6,1688
0,2014,FALSE,14.526049,112,6.1,2340
1,2014,FALSE,28.224212,130,7.6,6069
0,2014,FALSE,19.539436,97,6.1,1893
1,2010,FALSE,0.142575,60,5,1
1,2011,FALSE,7.020737,89,5.6,56
1,2014,FALSE,15.297821,102,5.2,980
1,2011,FALSE,3.521225,90,5.8,35
1,2014,FALSE,4.977232,100,5.5,158
1,1999,FALSE,13.275529,119,6,472
0,2014,FALSE,12.58752,153,7.7,262
1,2013,FALSE,5.203937,86,4.7,77
0,2014,FALSE,6.93232,91,6.8,150
0,1998,FALSE,2.673038,91,4.5,18
0,2015,FALSE,30.206365,120,6.6,3124
0,2013,FALSE,5.636855,101,6.4,90
0,2014,FALSE,18.081483,109,6.1,2225
0,2015,FALSE,14.932368,133,5.1,842
1,2012,FALSE,1.731435,92,5.5,14
1,2002,FALSE,0.573647,112,5.7,10
0,2015,FALSE,30.188198,126,5.8,3677
1,2014,FALSE,6.942139,90,5,389
0,2012,FALSE,4.947552,91,5.4,18
0,2005,FALSE,2.96721,99,4.6,9
0,1999,FALSE,8.651247,94,5.5,223
1,2015,FALSE,6.509546,101,6.1,99
1,2013,FALSE,8.043632,95,5.6,26
0,2009,FALSE,3.6797,89,5.2,31
1,2010,FALSE,3.732537,94,5.6,72
1,2014,FALSE,12.017861,111,5.7,45
1,2005,FALSE,0.990855,85,2.7,9
1,2014,FALSE,20.359336,100,6.6,1894
0,2007,FALSE,0.314668,140,5.1,4
1,1999,FALSE,2.043987,139,6.7,20
1,2014,FALSE,8.494374,85,5.7,167
0,2008,FALSE,13.415919,92,5.4,109
1,2014,FALSE,7.185427,91,5.6,55
1,2012,FALSE,2.367002,95,4.6,43
0,2014,FALSE,1.50671,97,5.8,2
1,2013,FALSE,3.318055,118,6.3,37
1,2013,FALSE,0.001224,80,0,0
0,2013,FALSE,0.001707,264,0,0
0,2008,FALSE,7.961566,87,4,28
1,2012,FALSE,4.749467,180,5.9,19
1,2010,FALSE,0.041178,96,5,1
0,2011,FALSE,0.92288,90,6.3,6
0,2010,FALSE,0.067138,88,0,0
1,2011,FALSE,0.522892,88,4.7,5
0,2010,FALSE,6.120644,102,4.9,20
1,2005,FALSE,7.324076,94,5.3,9
1,2010,FALSE,2.138263,72,7.3,23
1,1995,FALSE,0.073979,265,6.8,14
0,2011,FALSE,9.58239,97,6.5,40
0,2011,FALSE,2.610968,96,4.6,8
1,2011,FALSE,0.915353,83,4.6,8
1,2001,FALSE,4.050424,75,5.7,41
1,2000,FALSE,6.416966,172,3.1,14
1,2015,FALSE,2.257677,93,4.5,14
1,2014,FALSE,3.188634,92,5.3,37
1,2014,FALSE,1.742471,90,5.7,17
0,2005,FALSE,0.609667,103,6.1,16
1,2012,FALSE,0.789746,85,6.6,10
1,2005,FALSE,0.410031,150,8,3
1,2001,FALSE,1.182768,96,3.8,5
0,2005,FALSE,1.306213,386,6.3,12
1,2008,FALSE,0.96119,102,4.2,3
1,2013,FALSE,0.502075,94,6.1,8
1,2003,FALSE,0.819755,86,1.7,7
1,2015,FALSE,29.36178,120,7.3,9629
1,2015,FALSE,10.098792,97,6.3,1005
1,2015,FALSE,31.626013,136,7.5,7993
0,2016,FALSE,11.51021,125,5.3,642
1,2016,FALSE,12.572718,123,6.3,2325
1,2015,FALSE,37.37942,141,7.3,6908
0,2015,FALSE,26.882388,117,7,6029
0,2005,FALSE,17.246484,100,4.4,2322
0,2016,FALSE,187.860492,108,7.4,11444
1,2016,FALSE,145.882135,147,7.1,7462
0,2016,FALSE,43.847654,115,7.1,5880
1,2016,FALSE,28.712522,144,6.4,4831
0,2013,FALSE,7.864289,100,6.2,122
1,2013,FALSE,0.447626,125,6.3,10
1,2014,FALSE,0.100398,91,4.3,2
1,2004,FALSE,0.579155,73,6,11
0,2004,FALSE,0.43849,168,5,3
1,2010,FALSE,0.604059,90,2.8,6
1,2008,FALSE,10.62823,877,7.4,76
1,2011,FALSE,1.589347,84,4.2,5
1,2015,FALSE,1.241769,92,3.9,18
0,2011,FALSE,0.539564,90,4.5,6
1,2000,FALSE,0.589503,90,5.9,9
1,1995,FALSE,0.255532,69,5.8,6
1,2014,FALSE,10.197503,102,6.2,371
0,2013,FALSE,0.332318,105,6,1
0,2011,FALSE,0.199552,258,0,0
1,2010,FALSE,1.716036,72,6.9,8
0,2010,FALSE,0.990967,89,6,3
1,2015,FALSE,0.00414,84,0,0
0,2008,FALSE,0.196544,100,2.4,5
1,2013,FALSE,0.484227,96,6.7,5
0,2016,FALSE,0.288509,96,0,0
1,2010,FALSE,0.482814,76,6.4,5
1,2015,FALSE,6.012379,72,6.5,222
1,2012,FALSE,0.60522,85,7.6,7
1,1999,FALSE,0.307184,0,6.8,8
0,1996,FALSE,0.185515,84,3,4
1,2012,FALSE,0.30335,113,0,0
0,2015,FALSE,0.372205,90,7.6,5
1,1997,FALSE,0.737628,90,3.8,8
1,2011,FALSE,0.522679,113,0,0
0,2014,FALSE,7.78915,96,6,49
0,2009,FALSE,1.173881,105,5.4,9
0,2015,FALSE,10.241861,106,5.4,1078
1,2015,FALSE,33.068431,125,5.2,3350
1,1998,FALSE,5.318151,81,6.3,97
0,2002,FALSE,1.11608,12,7.4,28
1,2007,FALSE,0.150626,6,6,1
1,2015,FALSE,10.192407,99,6.2,105
1,2012,FALSE,,,,
1,2015,FALSE,8.592449,100,6.8,1372
0,2007,FALSE,3.29973,89,3.8,32
0,2012,FALSE,1.894596,120,5.5,23
0,2013,FALSE,3.195818,91,6.2,23
1,2013,FALSE,0.075775,64,5,1
0,2015,FALSE,0.037362,115,10,1
1,2010,FALSE,3.119413,112,6.6,8
1,2010,FALSE,0.903425,92,5.1,18
1,2014,FALSE,9.363482,106,6.4,953
1,2015,FALSE,7.991613,111,7.2,1235
0,2015,FALSE,9.201378,106,7.3,210
0,2015,FALSE,5.112935,97,6.8,166
0,2015,FALSE,12.019571,104,5.7,266
0,2015,FALSE,7.87202,100,6.2,536
1,2015,FALSE,8.844452,100,6.2,309
1,2014,FALSE,3.851653,112,5.1,41
1,2015,FALSE,3.436595,92,6.4,46
1,2015,FALSE,5.353826,108,5.5,112
1,2015,FALSE,14.986654,98,6.8,286
0,2015,FALSE,7.948581,103,7.2,698
1,2015,FALSE,12.503333,105,7.7,962
1,2015,FALSE,7.834161,80,6.1,131
0,2015,FALSE,4.833182,122,6.8,254
1,2015,FALSE,4.135614,90,5.8,37
0,2015,FALSE,5.30588,97,5.6,278
1,2015,FALSE,0.561609,85,4,3
1,2011,FALSE,5.641483,81,5.5,81
1,2015,FALSE,19.236571,96,4.1,245
1,1997,FALSE,1.305958,86,7.3,5
1,1995,FALSE,0.524215,95,6.9,13
0,2012,FALSE,0.0658,99,5.5,10
1,1997,FALSE,1.841647,240,5,14
1,2015,FALSE,20.328822,167,7.6,4405
0,2015,FALSE,9.662731,109,6.1,1997
1,2015,FALSE,,,,
1,2014,FALSE,6.635569,98,6.3,173
1,2014,FALSE,9.140108,96,4.9,23
0,2013,FALSE,0.668532,105,5.6,12
1,2014,FALSE,2.171597,95,7,36
1,2015,FALSE,6.645078,95,6.3,259
0,2015,FALSE,8.247275,138,7.9,388
0,2013,FALSE,2.085179,110,6.8,36
1,2010,FALSE,0.221837,105,3.9,6
0,2014,FALSE,5.02494,94,5.5,145
1,2015,FALSE,13.492684,119,6.4,1494
1,2005,FALSE,1.45169,174,7.5,15
1,2011,FALSE,1.609941,93,6.6,14
1,1995,FALSE,1.724436,174,7.9,19
1,2014,FALSE,6.808109,108,6.2,49
1,2003,FALSE,0.647811,111,7.5,4
1,2013,FALSE,6.23802,86,4.8,68
0,2015,FALSE,10.035362,105,6.7,2588
0,2015,FALSE,12.334689,93,5.7,733
1,2015,FALSE,5.204474,122,6.3,277
1,2016,FALSE,0.206364,94,4,3
1,2005,FALSE,1.202119,102,5.5,2
1,2015,FALSE,5.840554,83,5.1,517
0,2015,FALSE,10.24952,91,5,322
0,2005,FALSE,1.602998,16,5.4,32
0,2015,FALSE,16.838145,114,6.3,1169
0,2015,FALSE,1.781163,82,3.8,13
0,2011,FALSE,0.326422,77,5,1
1,2014,FALSE,6.428814,100,5.3,372
1,1997,FALSE,19.801128,105,6.7,2426
1,2014,FALSE,4.39709,105,6.5,84
1,2008,FALSE,0.077992,86,6.3,2
1,2015,FALSE,0.685905,83,4.6,10
1,2014,FALSE,0.175255,94,4.5,2
1,2007,FALSE,1.874027,86,2.2,22
0,2011,FALSE,0.109861,74,5.2,3
0,2015,FALSE,11.30428,111,5.9,979
0,2010,FALSE,5.345593,110,5.7,58
1,2015,FALSE,27.887186,119,6.2,3921
0,2014,FALSE,6.911759,90,5.3,387
1,2015,FALSE,13.422713,94,6.8,1539
0,2016,FALSE,12.682927,112,6.2,705
0,2015,FALSE,11.429831,115,5.5,397
1,2014,FALSE,8.396969,100,6.6,61
0,2014,FALSE,12.543659,120,6.1,281
0,2014,FALSE,0.940121,100,7.9,9
0,2014,FALSE,5.653371,78,7.5,122
0,2014,FALSE,2.041913,106,6.4,31
1,2015,FALSE,27.275687,137,7.3,4253
1,2014,FALSE,10.07817,82,5.5,1092
1,2015,FALSE,6.679341,91,6.6,371
1,2005,FALSE,1.276602,92,4.7,3
1,2011,FALSE,0.842996,90,7.4,6
0,2014,FALSE,6.976514,109,6.5,186
0,2015,FALSE,17.608346,137,6.1,565
1,2015,FALSE,7.579751,117,6,250
0,2015,FALSE,8.178015,100,5.9,961
1,2015,FALSE,3.139941,92,4.7,46
0,2004,FALSE,7.673021,68,6.3,162
1,2014,FALSE,5.298121,98,6.4,147
1,2014,FALSE,4.081263,83,6.2,148
1,2006,FALSE,10.861154,73,6.3,318
1,2004,FALSE,5.304305,96,4.3,13
0,1995,FALSE,1.352232,101,5.2,5
0,1999,FALSE,0.595553,82,6,1
1,1996,FALSE,7.220815,91,5.2,56
0,2014,FALSE,6.034967,91,5.5,97
1,2011,FALSE,7.313067,91,5.3,13
0,1995,FALSE,0.00243,78,5.4,5
0,2015,FALSE,9.961184,85,6.9,456
1,2014,FALSE,6.502973,87,6.9,135
0,2015,FALSE,14.619519,115,6.2,348
1,2015,FALSE,11.61,120,7.3,454
1,2014,FALSE,8.901282,92,5.4,93
1,2011,FALSE,5.196496,106,7.1,184
1,2015,FALSE,22.296076,130,6.2,2904
1,2014,FALSE,0.380439,91,2.5,2
1,2014,FALSE,6.634536,96,5.8,16
1,2016,FALSE,0.428373,77,8,3
1,2014,FALSE,2.278837,86,5.9,25
0,2014,FALSE,4.543452,109,6.6,50
1,2014,FALSE,4.394891,93,6.8,77
0,2015,FALSE,17.02038,94,5,576
1,2003,FALSE,0.015735,115,0,0
0,2014,FALSE,2.343945,95,6.2,16
1,2014,FALSE,1.159873,104,7.3,12
1,2014,FALSE,4.832606,91,7.2,156
0,2010,FALSE,1.027651,105,5.5,5
1,2015,FALSE,2.788535,93,4.9,41
1,2014,FALSE,9.029641,98,4.5,140
1,2014,FALSE,4.967015,123,4.1,13
1,2015,FALSE,10.264416,128,7.3,1083
1,2014,FALSE,1.058751,85,6.4,13
0,2015,FALSE,3.146204,86,5.2,29
1,2015,FALSE,10.542026,112,7.4,2052
1,2015,FALSE,4.565414,78,6.1,143
0,2014,FALSE,1.436689,98,6.2,17
1,2015,FALSE,4.060966,97,6.3,84
0,1996,FALSE,1.578196,92,3.5,5
1,2014,FALSE,8.106333,77,7,270
0,2015,FALSE,8.059946,78,5.5,54
1,2015,FALSE,11.879205,88,6.5,395
0,2010,FALSE,0.908396,105,4.8,2
1,2015,FALSE,20.547925,114,6,3017
1,2014,FALSE,7.143088,105,5.7,140
1,2015,FALSE,7.046825,129,7.2,259
1,2015,FALSE,7.832484,119,6.8,346
1,2014,FALSE,2.270286,90,5.8,28
1,2014,FALSE,2.341779,127,7.6,47
1,2009,FALSE,0.619795,87,5.8,8
1,2005,FALSE,7.097884,70,5.7,115
1,2003,FALSE,6.456991,81,6.6,191
1,2006,FALSE,7.589921,70,5.5,83
1,2011,FALSE,5.948997,79,6.4,97
1,2014,FALSE,2.973442,81,6,36
1,2006,FALSE,5.956719,83,6.9,135
1,2008,FALSE,4.829474,78,6.6,83
1,2010,FALSE,6.833148,75,6.2,89
1,2007,FALSE,8.935419,86,6.3,96
1,2014,FALSE,2.935491,73,6,43
1,2007,FALSE,5.01763,75,6.2,53
0,2002,FALSE,6.507867,84,6.4,182
0,2015,FALSE,10.721799,96,5.5,1183
1,2010,FALSE,5.963431,76,6.3,225
0,2014,FALSE,0.725267,116,6.6,10
1,2015,FALSE,16.778946,100,5.6,273
1,2014,FALSE,1.347489,77,6,3
1,2015,FALSE,15.862632,115,6.8,1997
0,2015,FALSE,1.833699,109,3.9,11
1,2015,FALSE,2.129215,107,6.1,33
1,2014,FALSE,0.115856,92,4,1
1,2015,FALSE,8.364201,118,7.3,1014
1,2015,FALSE,11.223033,118,6.7,1340
0,2015,FALSE,6.90658,87,5.4,659
0,2015,FALSE,10.132064,84,6.6,371
1,2015,FALSE,9.336019,100,5,359
1,2012,FALSE,0.765831,98,5.4,4
1,2015,FALSE,11.009871,96,5.5,352
0,1999,FALSE,0.323301,120,3.5,2
1,2013,FALSE,2.057347,90,6.9,40
1,2015,FALSE,0.432661,98,5.4,8
0,2002,FALSE,0.369025,90,5.3,14
0,2001,FALSE,0.423981,120,7.8,8
1,2014,FALSE,3.602005,100,5.1,23
1,2015,FALSE,25.62993,141,7.6,7442
0,2009,FALSE,1.403263,102,7.7,16
0,2015,FALSE,7.741143,31,7.6,762
1,2016,FALSE,1.740147,89,6.4,7
1,2006,FALSE,1.971482,170,5.8,29
0,2015,FALSE,8.717661,118,6.7,625
1,2015,FALSE,15.033568,96,5.4,407
0,2015,FALSE,0.57948,89,6.2,7
1,2015,FALSE,13.257467,120,6.9,2590
1,2008,FALSE,9.066971,78,6.5,319
1,2015,FALSE,17.310647,125,5.9,1193
1,1996,FALSE,0.626222,105,3,1
1,2015,FALSE,8.451297,105,5.2,704
1,2010,FALSE,0.574687,111,7,2
1,2013,FALSE,2.572216,0,6.2,59
0,2014,FALSE,0.181335,115,6,2
0,2014,FALSE,0.515831,91,2.2,3
0,2015,FALSE,14.013413,104,6.2,502
1,2014,FALSE,1.600198,93,6.8,19
1,2014,FALSE,9.383088,92,5.9,92
1,2015,FALSE,23.985587,94,7.9,6737
1,2009,FALSE,1.487018,100,6.8,17
1,2014,FALSE,3.094354,90,4.3,33
1,2015,FALSE,26.628178,137,6.6,4117
1,2015,FALSE,7.987747,111,6.8,282
0,2015,FALSE,21.14796,105,5.6,2564
1,2016,FALSE,41.051421,133,7.2,5612
0,2005,FALSE,0.452072,21,4.8,3
1,2014,FALSE,1.488241,102,6.6,29
1,2014,FALSE,5.308946,91,5.1,24
1,2001,FALSE,1.294211,100,4.8,27
1,2006,FALSE,4.784181,90,5.4,78
0,2015,FALSE,19.256859,103,6.5,686
1,2014,FALSE,0.788562,90,5.8,6
0,2016,FALSE,11.01395,87,5.9,3536
0,1995,FALSE,0.000018,87,0,0
0,2006,FALSE,0.21049,89,7,2
1,2015,FALSE,3.722756,115,6.7,49
0,2015,FALSE,25.301568,116,6.3,1122
1,2016,FALSE,10.038581,113,5.8,566
1,2015,FALSE,13.412445,106,5.7,1345
1,2015,FALSE,15.553313,98,5.9,601
1,2016,FALSE,42.965027,123,5.9,7717
0,2012,FALSE,0.453891,107,4.5,3
1,2016,FALSE,16.993841,120,4.9,2550
0,2016,FALSE,20.659284,122,6.6,2636
1,1998,FALSE,0.772817,14,6.6,14
0,2013,FALSE,2.065884,120,6.7,13
0,2015,FALSE,42.061481,115,6.2,2524
1,2006,FALSE,3.643803,146,6.9,77
1,2015,FALSE,14.998954,85,5.7,410
1,2015,FALSE,547.488298,91,6.4,4729
1,2016,FALSE,1.13767,83,5.3,19
0,2014,FALSE,2.123441,88,4.5,22
0,2008,FALSE,1.529991,180,5.7,18
1,2015,FALSE,12.319595,93,6.6,1782
0,2015,FALSE,10.61072,122,6.3,1262
0,2015,FALSE,24.926577,148,6.3,4552
1,2015,FALSE,5.458754,110,7.8,169
1,2009,FALSE,0.774415,104,5.5,4
0,2010,FALSE,0.896178,101,6,2
1,1999,FALSE,1.788834,82,5.2,27
0,2012,FALSE,1.247085,83,3.1,8
1,1998,FALSE,5.15634,77,7.2,82
1,2015,FALSE,4.354938,88,4.4,137
1,2015,FALSE,16.224866,122,6.8,1608
0,2015,FALSE,12.493466,113,6.4,497
0,2007,FALSE,1.706097,0,6.9,15
0,1999,FALSE,1.265599,95,5.6,30
1,2003,FALSE,0.934539,86,5.2,11
1,2015,FALSE,11.33038,99,6.1,1218
1,2004,FALSE,8.411803,82,6.1,246
0,2015,FALSE,6.885614,118,5.3,85
1,1996,FALSE,1.75416,90,3.4,31
0,2014,FALSE,9.003162,93,5.2,62
1,2015,FALSE,4.257785,101,6.2,56
0,2015,FALSE,0.357815,95,3,1
1,2014,FALSE,4.931539,88,5.5,106
0,1998,FALSE,4.206418,100,6.1,17
0,2016,FALSE,31.435879,151,5.7,7189
0,1999,FALSE,2.033272,90,5.6,35
1,2014,FALSE,3.290095,92,4.6,56
1,2005,FALSE,1.808013,91,6.3,12
1,2011,FALSE,1.131975,90,4.9,7
1,2002,FALSE,0.081332,94,0,1
1,2013,FALSE,0.098412,0,0,0
1,2011,FALSE,9.079974,62,6.5,106
1,2012,FALSE,10.751964,85,6.2,294
1,2013,FALSE,0.761279,92,6,2
1,1997,FALSE,3.336934,95,5.8,39
1,2015,FALSE,8.76993,115,6.2,716
0,2003,FALSE,0.039134,90,4,1
1,2008,FALSE,0.389045,79,5.7,3
0,2016,FALSE,17.432758,106,6.7,2977
1,2015,FALSE,14.656875,116,7.1,2306
1,2014,FALSE,1.574542,96,3.5,26
0,2015,FALSE,9.425787,123,6.9,1151
1,2012,FALSE,1.435618,102,5.7,13
0,2013,FALSE,0.361771,0,6.6,9
1,2015,FALSE,0.530841,105,4.3,2
1,2010,FALSE,2.177699,100,5.4,14
1,2010,FALSE,3.107762,105,6,70
1,2016,FALSE,2.421893,93,3.8,5
1,2015,FALSE,0.480656,90,5,1
1,2012,FALSE,1.267372,104,5.1,4
1,2006,FALSE,0.550363,53,8.1,6
1,2015,FALSE,6.49255,97,8,378
1,2014,FALSE,1.432327,95,7.4,12
0,2015,FALSE,23.501228,156,7.3,6558
0,2015,FALSE,6.862812,95,6.3,600
1,2015,FALSE,10.95023,125,6.1,403
1,2009,FALSE,2.77735,90,2.3,5
0,2015,FALSE,11.80967,159,7.5,138
1,2014,FALSE,10.405088,105,6.1,79
0,2015,FALSE,12.370126,123,7.3,2112
0,2015,FALSE,19.511221,121,7.2,2465
0,2013,FALSE,0.317611,107,6.7,6
0,2014,FALSE,5.399896,100,6.6,344
0,2014,FALSE,5.168382,97,5.4,85
1,2014,FALSE,9.526911,89,6.5,490
1,2015,FALSE,6.901559,83,5.4,43
0,2015,FALSE,0.525556,92,3.4,13
0,2009,FALSE,1.206513,85,5,1
1,2015,FALSE,15.651705,121,7.1,1926
0,2003,FALSE,0.097257,104,5.5,2
1,2011,FALSE,12.603719,112,6.7,505
1,2003,FALSE,12.443291,117,8.1,2838
1,2010,FALSE,7.021114,92,5.6,34
1,2000,FALSE,8.585856,108,6.7,1077
1,2003,FALSE,0.800038,89,5.4,7
1,2015,FALSE,15.021058,94,6,1405
0,2009,FALSE,6.79115,111,6.2,341
0,2015,FALSE,0.533634,84,5.5,11
1,2007,FALSE,0.373368,87,2,2
0,1997,FALSE,0.146763,100,6.4,4
1,2015,FALSE,3.979592,82,4.6,67
0,2015,FALSE,9.534828,96,6,1099
0,2015,FALSE,21.183077,147,7.7,1381
1,2010,FALSE,4.869925,90,5.5,283
1,2015,FALSE,4.832631,87,6.9,166
1,2014,FALSE,3.465405,93,5.7,63
1,2007,FALSE,1.160355,105,6.6,8
1,2015,FALSE,12.975936,124,6.4,1619
1,2013,FALSE,0.877393,92,0,0
0,2009,FALSE,0.000844,98,0,0
0,2015,FALSE,9.447808,109,5.6,697
1,2002,FALSE,2.968976,83,4.9,59
1,2015,FALSE,0.660969,120,5.9,11
1,2003,FALSE,0.315904,104,7.2,5
1,2003,FALSE,0.271782,105,6,3
1,2007,FALSE,0.717077,94,4.4,6
1,2015,FALSE,19.803969,101,5.9,386
0,2015,FALSE,20.683405,93,6.2,526
1,2015,FALSE,8.093442,106,7.1,440
0,2005,FALSE,0.310181,104,5.9,6
0,2002,FALSE,7.758492,68,5.1,156
1,2015,FALSE,4.680888,108,5.4,41
0,2014,FALSE,1.336467,95,5.1,15
0,2000,FALSE,0.794749,101,6.8,4
1,2012,FALSE,0.195999,84,6,1
0,2015,FALSE,16.304654,95,6.8,231
1,2013,FALSE,4.270228,85,4.8,18
1,2015,FALSE,4.425995,105,6.6,76
1,2000,FALSE,7.18782,74,6.4,167
1,2015,FALSE,11.187833,131,6.7,994
1,1996,FALSE,1.576664,136,5.5,19
1,2015,FALSE,3.634485,90,6.2,58
1,2015,FALSE,11.245661,120,7.4,1689
0,2014,FALSE,7.350821,88,5.4,216
1,2015,FALSE,8.4702,95,6.7,696
0,2015,FALSE,11.732546,137,7.6,476
1,2015,FALSE,5.799373,104,6,225
0,2015,FALSE,2.730363,84,5.6,60
1,2015,FALSE,11.007319,96,5.3,573
0,2012,FALSE,1.689215,25,7.8,16
1,2010,FALSE,0.140291,52,5.5,2
1,2014,FALSE,0.382781,88,8,2
1,2010,FALSE,0.634148,100,3.5,2
1,2006,FALSE,3.444536,88,5.7,62
1,2012,FALSE,0.204438,70,2.8,5
1,2015,FALSE,11.256619,112,5.9,128
0,2015,FALSE,6.925667,101,6.6,661
1,2012,FALSE,7.950488,144,6.2,38
1,2015,FALSE,7.54965,101,5.6,165
0,2015,FALSE,10.758754,121,6.7,1805
0,2015,FALSE,14.63239,128,7.8,2751
1,2007,FALSE,1.709199,100,7.4,12
1,2015,FALSE,5.428567,90,5.7,153
0,2015,FALSE,7.399209,115,6.7,272
0,2016,FALSE,14.544852,97,6.2,780
1,2013,FALSE,1.084761,100,5.5,7
1,2006,FALSE,0.585421,124,6.8,4
1,2006,FALSE,3.760464,90,4.9,59
1,2014,FALSE,5.347371,88,5.7,156
0,2015,FALSE,0.683918,81,3.8,9
1,2010,FALSE,1.280285,97,3,4
0,1998,FALSE,0.445571,88,4.4,4
1,2015,FALSE,2.607667,94,7.1,40
1,2015,FALSE,4.563906,80,5.5,87
1,2014,FALSE,2.066559,85,4.5,25
1,2005,FALSE,0.293293,90,0,0
1,2015,FALSE,11.760218,89,6.7,1528
1,2015,FALSE,8.644392,83,6.5,189
1,2004,FALSE,6.508145,76,5.2,40
1,2007,FALSE,0.960057,8,7,10
0,2010,FALSE,2.157779,94,5.8,22
1,2015,FALSE,12.61223,122,5.4,159
1,2015,FALSE,11.376954,92,7.6,771
1,2009,FALSE,294.337037,141,7.2,5025
1,2000,FALSE,88.439243,110,5.4,1015
0,2012,FALSE,14.16938,161,7,754
0,2015,FALSE,13.707888,141,7.2,2633
1,2011,FALSE,0.755637,140,6.8,10
1,2002,FALSE,0.770331,88,5.8,5
1,2011,FALSE,2.644281,83,7.5,44
1,2004,FALSE,0.2875,75,0,0
0,2005,FALSE,1.287796,91,5,1
1,2015,FALSE,9.248388,100,6.4,486
0,2016,FALSE,11.241366,106,5.7,1338
1,2015,FALSE,0.674967,112,7,1
1,1995,FALSE,0.984071,73,5.7,3
1,2007,FALSE,1.674934,88,5.3,27
0,2015,FALSE,2.510095,90,2.8,9
1,2015,FALSE,3.488085,77,6.2,69
1,2015,FALSE,1.452617,96,5.8,25
0,2009,FALSE,0.973991,102,5.9,17
0,2012,FALSE,0.414474,109,0,0
1,2000,FALSE,6.735649,87,6,342
0,2002,FALSE,7.645827,113,6.6,281
1,2015,FALSE,2.407351,105,6.4,42
0,2015,FALSE,12.365292,103,6.2,1022
1,2015,FALSE,9.227292,106,6.4,37
1,2013,FALSE,1.138199,120,6.2,14
1,2015,FALSE,7.634145,112,7.3,232
0,2015,FALSE,7.607052,100,5.6,162
0,2015,FALSE,1.534354,89,7.3,14
1,2015,FALSE,5.394112,119,5.4,132
1,2015,FALSE,8.383246,120,6,386
0,2010,FALSE,6.844863,89,5,133
0,1997,FALSE,0.411937,14,6.1,11
1,2015,FALSE,7.95686,118,6.9,419
1,2014,FALSE,0.002962,89,0,0
1,2009,FALSE,0.370855,92,3.1,9
1,2015,FALSE,7.358726,124,7.3,507
1,2015,FALSE,4.391441,127,6.4,100
1,2012,FALSE,3.985291,90,2.8,30
1,2003,FALSE,0.000578,39,6.8,18
1,2013,FALSE,7.739783,123,7,844
0,2015,FALSE,1.352518,81,5,23
1,2015,FALSE,12.338346,88,6.5,608
1,2012,FALSE,1.235331,90,3.9,17
0,2013,FALSE,2.750956,86,5,47
1,2015,FALSE,0.142052,89,6,2
1,2014,FALSE,3.669491,102,5,60
0,2014,FALSE,0.993337,105,7.5,19
0,2010,FALSE,0.121374,16,6,3
1,2009,FALSE,0.023059,15,0,0
0,1995,FALSE,0.076335,84,5,1
0,2015,FALSE,33.449723,133,7.3,1963
0,2009,FALSE,0.674886,93,6.9,8
1,2010,FALSE,1.112225,98,5.6,23
1,2013,FALSE,1.634485,99,4.5,22
0,2015,FALSE,12.293202,109,6.7,93
1,2001,FALSE,8.476315,93,5.6,322
0,2007,FALSE,2.418307,83,3.4,27
0,2007,FALSE,5.675752,105,5.8,34
1,2015,FALSE,5.660649,107,5.4,169
0,2011,FALSE,1.057905,75,6.5,6
0,2002,FALSE,0.346531,85,6.4,5
0,2008,FALSE,0.092891,81,5,1
1,2009,FALSE,0.462497,71,5.1,4
0,2009,FALSE,1.790302,88,4.6,14
0,2015,FALSE,9.786662,106,6.6,194
0,2004,FALSE,1.524545,90,5.3,3
1,2011,FALSE,0.607009,111,5,1
1,2009,FALSE,0.366808,75,5.9,8
1,2013,FALSE,0.238238,102,5.2,5
1,2013,FALSE,3.488758,98,5.4,40
0,2015,FALSE,7.291872,114,5.5,795
1,2015,FALSE,0.05633,95,7,1
1,2014,FALSE,1.340019,75,6.6,19
1,2015,FALSE,2.165594,72,3.9,11
0,2016,FALSE,10.788263,112,5.6,1993
1,2011,FALSE,0.648554,95,5.6,5
0,2015,FALSE,2.076154,94,5.8,19
1,2015,FALSE,2.410183,90,4.7,33
1,2014,FALSE,2.251209,90,3.1,29
1,2015,FALSE,12.023704,127,5.8,56
1,2006,FALSE,0.03653,68,5,1
1,2012,FALSE,0.014213,58,0,0
0,2015,FALSE,1.03027,85,5.8,17
0,2015,FALSE,13.143061,130,7.3,2679
0,2009,FALSE,0.096912,116,0,0
0,2015,FALSE,6.287086,119,4.9,397
0,2004,FALSE,5.160339,9,6.8,93
0,2015,FALSE,4.393887,93,4.6,42
1,2015,FALSE,5.223297,17,8,100
1,2016,FALSE,8.898988,110,5.9,1225
1,2014,FALSE,2.280715,91,6.6,28
1,2015,FALSE,1.57501,91,4.8,32
1,2016,FALSE,18.908782,116,7.2,1990
1,2015,FALSE,13.799419,118,5.8,593
1,2016,FALSE,14.696548,95,6.7,1630
0,2015,FALSE,4.683689,150,7.2,71
1,2010,FALSE,1.249126,100,5.5,9
1,2014,FALSE,0.747777,90,4.9,5
0,2014,FALSE,5.294086,114,7.3,154
1,2015,FALSE,0.153516,91,5.7,3
1,2016,FALSE,7.954623,108,5.5,662
1,1997,FALSE,0.209552,77,5.9,5
1,1997,FALSE,1.085134,90,5.6,5
0,2009,FALSE,0.132335,177,0,0
0,2009,FALSE,0.647803,95,2.5,2
1,2009,FALSE,0.656156,101,6.7,9
0,2009,FALSE,0.020105,109,0,0
1,2014,FALSE,0.6151,18,7.8,9
1,2015,FALSE,2.344304,90,6.3,39
0,2016,FALSE,8.826071,98,5.4,293
0,2015,FALSE,3.216606,123,6.8,49
1,2015,FALSE,5.396271,97,5.6,94
1,2016,FALSE,7.384688,95,4.8,478
0,2009,FALSE,2.03188,133,6.6,20
1,2012,FALSE,6.670101,89,5.8,46
0,1998,FALSE,2.58432,168,6,4
0,1999,FALSE,0.983896,98,6.7,3
0,2015,FALSE,6.515574,91,6.2,56
1,2007,FALSE,1.157092,60,6.1,9
0,2016,FALSE,5.933337,88,5.6,64
1,2016,FALSE,7.008103,86,4.1,124
0,2016,FALSE,9.420931,102,6.1,567
0,2008,FALSE,0.925274,104,7.5,2
1,2005,FALSE,0.07316,104,7.3,2
0,2016,FALSE,7.528276,106,7.2,682
1,2008,FALSE,4.827887,86,4.7,70
0,2010,FALSE,17.028854,97,5.8,1133
0,2016,FALSE,1.43679,87,7.3,28
0,2016,FALSE,16.290586,102,5.7,1429
1,2016,FALSE,10.385757,114,6.3,597
1,2015,FALSE,0.37015,0,5.9,4
0,2016,FALSE,5.933047,120,6.4,181
0,2015,FALSE,0.304876,124,6.3,6
1,2016,FALSE,34.34759,110,7.6,2674
1,2016,FALSE,6.253285,91,4.3,92
0,2015,FALSE,3.989771,100,6.7,74
1,2016,FALSE,8.796536,103,6,174
1,2016,FALSE,12.892504,115,5.6,812
0,2016,FALSE,13.337707,127,5.2,1303
1,2016,FALSE,14.421528,103,6.8,2537
1,2016,FALSE,26.024868,108,7.7,4961
1,2016,FALSE,8.155604,112,6,356
0,2016,FALSE,3.150511,96,5.2,42
0,2009,FALSE,0.056473,0,5,1
1,2002,FALSE,4.931373,99,4.4,113
1,2016,FALSE,9.259371,101,7.8,453
1,2003,FALSE,0.117059,0,2.5,2
1,2008,FALSE,1.671997,178,5.9,28
0,2012,FALSE,8.615159,145,6.7,33
1,2011,FALSE,0.785505,136,6.5,21
1,2014,FALSE,1.006481,108,7,14
1,1999,FALSE,0.258855,88,5.2,6
1,2016,FALSE,1.368442,143,5.5,23
1,2008,FALSE,0.355246,85,6.6,5
1,2013,FALSE,2.54364,111,5.9,36
1,2006,FALSE,0.635456,77,3.2,5
1,2013,FALSE,0.066061,90,10,1
1,2015,FALSE,5.543789,82,5.4,194
1,2012,FALSE,0.368092,120,6.3,2
0,2016,FALSE,3.708558,127,5.9,45
1,2016,FALSE,13.410522,117,6.4,926
1,2015,FALSE,2.710586,135,6.5,37
0,2010,FALSE,0.205349,10,5.9,4
1,2005,FALSE,1.173596,82,4.3,8
0,2010,FALSE,1.906173,93,5.5,7
1,2015,FALSE,10.564701,102,7.2,532
1,2008,FALSE,1.437022,103,4.8,15
1,2015,FALSE,14.992311,95,6.5,156
1,2016,FALSE,0.43573,64,0,0
0,2016,FALSE,7.317816,95,6.3,395
1,2004,FALSE,1.587405,90,3.6,7
0,2013,FALSE,1.998735,123,6.1,8
1,2016,FALSE,5.841,84,6.7,153
1,2016,FALSE,10.829116,110,6.7,409
0,2015,FALSE,4.165542,100,5.6,62
1,2016,FALSE,6.344961,94,5.6,328
1,2000,FALSE,0.596106,8,6,6
1,2015,FALSE,1.720755,101,6.5,25
1,2011,FALSE,1.512077,180,4.9,8
1,2016,FALSE,7.942084,94,6,434
0,2016,FALSE,7.550395,88,4.7,107
1,2016,FALSE,9.215388,98,5.8,105
1,2016,FALSE,6.504562,78,6.8,177
0,2015,FALSE,1.400383,94,7,20
0,2011,FALSE,0.764101,128,7.2,6
0,2008,FALSE,0.001194,82,0,0
0,2016,FALSE,10.672862,106,8,669
0,2014,FALSE,0.49763,15,8,4
1,2015,FALSE,1.147328,115,7.7,6
1,2006,FALSE,2.000166,96,5.7,25
0,2015,FALSE,1.30421,89,5.3,12
0,2016,FALSE,10.300307,118,7,311
1,2016,FALSE,9.914008,91,5.6,1490
0,2012,FALSE,1.185947,97,0,0
1,2016,FALSE,7.205636,81,6.9,834
1,2015,FALSE,0.56447,83,5.7,6
0,2013,FALSE,1.290102,83,3.1,14
0,2015,FALSE,7.862361,79,4.5,23
0,1996,FALSE,5.127876,142,6.2,73
0,2015,FALSE,8.445423,108,7.2,314
1,2015,FALSE,0.519263,97,8,4
1,2008,FALSE,1.079616,99,4.1,12
1,2006,FALSE,0.736258,89,7.3,3
1,2016,FALSE,11.953822,98,6.5,1096
1,2005,FALSE,10.000208,87,5.5,289
1,2016,FALSE,8.468401,112,6.2,171
1,2016,FALSE,8.28378,111,6.7,527
1,2016,FALSE,8.569996,108,6,162
0,2003,FALSE,1.06686,89,5.9,10
1,2016,FALSE,14.477677,97,6.8,4333
1,2016,FALSE,7.533146,91,5.5,441
0,2016,FALSE,10.223582,139,6.6,439
0,2016,FALSE,11.171927,97,5.9,1048
0,2015,FALSE,1.897133,85,5.6,20
1,2012,FALSE,0.473876,98,5.7,3
0,2012,FALSE,0.233572,157,5.9,6
1,2000,FALSE,0.920318,103,5,10
0,2016,FALSE,14.384554,134,7,1285
0,2015,FALSE,7.37661,101,5.7,114
1,2001,FALSE,0.054964,98,5,1
0,2016,FALSE,0.723257,79,2.5,4
1,2016,FALSE,16.075615,116,7,2382
1,2015,FALSE,5.121894,105,5.8,92
1,2014,FALSE,1.020277,100,6.3,17
0,2015,FALSE,14.307672,92,5.7,438
1,2013,FALSE,0.873783,90,4.1,8
1,2016,FALSE,13.689175,86,6.2,1619
1,2016,FALSE,14.61608,113,6.5,1782
1,2016,FALSE,18.769476,120,6,1026
0,1996,FALSE,0.36972,88,7,1
1,2014,FALSE,0.928616,97,6.4,18
1,2016,FALSE,17.56963,83,5.6,2310
0,2016,FALSE,8.089782,99,5.2,203
1,2016,FALSE,16.519276,119,7.9,1569
1,2016,FALSE,9.117054,162,7.3,270
0,2016,FALSE,6.997583,108,6.1,58
1,2012,FALSE,2.795534,91,5.8,28
0,2009,FALSE,0.42608,98,3.2,3
1,2016,FALSE,2.454624,105,6.4,7
1,2015,FALSE,5.510288,100,6,89
0,2016,FALSE,39.540653,129,6.7,3362
1,2016,FALSE,6.768165,96,7,246
1,2016,FALSE,18.577504,100,7.7,264
1,2015,FALSE,3.145054,105,7,15
1,2012,FALSE,0.15112,143,5.5,4
0,2016,FALSE,9.196678,97,6.8,839
0,2015,FALSE,2.326132,78,5.7,38
1,2016,FALSE,2.512293,90,3.9,32
0,2015,FALSE,0.398025,145,5,2
1,2016,FALSE,13.047776,112,5.8,984
0,2016,FALSE,12.187189,92,4.5,162
1,2016,FALSE,6.138199,93,7.4,560
0,2016,FALSE,5.28542,86,6.6,348
1,2012,FALSE,0.675532,95,5,5
1,2015,FALSE,3.267728,500,8.5,65
1,2016,FALSE,14.767317,134,7,2018
0,2016,FALSE,4.957424,90,5.1,89
1,2016,FALSE,17.162744,116,5.3,2203
0,2000,FALSE,10.752519,98,4.4,325
1,2015,FALSE,0.799816,163,6.5,2
1,2016,FALSE,5.516986,116,7.3,187
1,2016,FALSE,2.675291,88,6.6,34
0,2016,FALSE,11.374041,107,6.2,1699
0,2015,FALSE,0.522592,105,6.6,4
0,2016,FALSE,19.133256,123,5.9,2386
1,2016,FALSE,15.370164,105,7.1,71
1,2016,FALSE,2.10184,96,6.3,18
1,2015,FALSE,2.097326,110,5.7,26
0,2016,FALSE,45.38298,109,5.5,2488
1,2016,FALSE,13.1789,105,6.1,1356
1,2016,FALSE,12.237571,98,5.9,901
1,2016,FALSE,20.151037,100,5.6,1170
1,2016,FALSE,11.494907,81,6.3,1174
0,2016,FALSE,5.927867,110,5.5,82
1,2016,FALSE,4.957457,111,6.8,203
0,2016,FALSE,6.389818,107,5.9,148
1,2016,FALSE,6.395748,91,5.3,86
1,2010,FALSE,0.869355,90,5.8,9
1,2016,FALSE,6.915263,115,7.1,87
1,2016,FALSE,14.9837,96,7.1,2262
0,2016,FALSE,18.275689,96,7,2106
0,2016,FALSE,50.949523,99,5.2,47
1,2015,FALSE,0.625451,96,6.8,8
1,2010,FALSE,0.708323,9,6.1,20
1,2016,FALSE,11.504398,127,6.6,592
0,2016,FALSE,16.453573,114,6.8,1392
1,2014,FALSE,0.553725,106,6.6,7
0,2009,FALSE,0.078865,100,0,1
0,2009,FALSE,0.177464,6,6,5
1,2016,FALSE,2.626192,89,6.2,25
1,2016,FALSE,4.530712,120,5.9,73
0,2016,FALSE,6.488277,72,6.2,485
0,2004,FALSE,2.561525,210,6.2,21
1,2015,FALSE,0.061459,84,4,1
1,2012,FALSE,3.328685,85,3.3,9
1,2016,FALSE,9.362056,100,6.3,1287
0,2016,FALSE,12.565896,102,7.2,1304
0,2016,FALSE,5.379834,80,5.7,80
1,2016,FALSE,3.569379,90,4.5,64
1,2010,FALSE,4.105867,87,6.1,85
1,2010,FALSE,0.063542,0,6,1
1,2012,FALSE,6.236714,75,5,16
1,2008,FALSE,1.063296,95,5,4
1,2016,FALSE,4.574494,85,4.3,88
1,2016,FALSE,9.51953,104,7.3,952
1,2016,FALSE,8.226065,130,6.6,498
1,2013,FALSE,2.546891,90,4,28
1,2014,FALSE,0.837392,90,5.8,8
0,1996,FALSE,0.833902,93,6.3,6
0,2016,FALSE,8.602488,108,6.5,128
1,2009,FALSE,1.570009,88,5.6,10
0,2016,FALSE,14.171675,111,7.3,1831
1,2016,FALSE,9.434588,94,5.6,600
0,2016,FALSE,12.321832,102,7.7,982
1,2016,FALSE,8.483245,133,6.9,403
1,2016,FALSE,12.521071,92,5.7,436
1,2016,FALSE,6.164561,124,7.1,103
0,2016,FALSE,13.1984,107,6.5,1478
1,2009,FALSE,10.217291,112,6.2,1837
1,2016,FALSE,10.222143,92,6.9,70
0,2016,FALSE,13.465656,128,6.9,2121
0,2016,FALSE,6.625607,96,7.1,256
1,2016,FALSE,3.55933,125,7.5,26
1,2016,FALSE,7.78179,162,6.5,213
1,2007,FALSE,0.842613,100,6.5,14
1,2016,FALSE,0.065469,93,7,1
1,2006,FALSE,2.438503,95,4.8,9
1,2016,FALSE,0.001133,85,4,14
1,2013,FALSE,1.330868,82,3.2,20
1,2016,FALSE,2.445975,91,6.2,29
1,2016,FALSE,11.684425,107,6.3,65
1,2016,FALSE,4.860265,140,7.5,97
1,2016,FALSE,2.656999,100,5.8,40
0,1996,FALSE,0.879124,103,7.8,9
0,2001,FALSE,0.199472,90,5.2,3
0,2016,FALSE,21.037699,140,7.8,3294
1,2016,FALSE,3.069108,97,6.7,58
1,2016,FALSE,8.987123,105,8.1,161
1,2004,FALSE,0.707666,83,3,3
0,2016,FALSE,11.901343,90,4.9,590
1,2016,FALSE,7.977391,123,6.5,275
1,2016,FALSE,8.403532,123,6.9,81
1,2015,FALSE,0.954408,106,6.5,9
0,2008,FALSE,1.211643,26,6.6,7
1,2004,FALSE,3.908626,90,5.7,22
0,2005,FALSE,4.232318,86,5.6,77
1,2016,FALSE,4.172155,106,4.7,42
1,2016,FALSE,24.483893,108,6.8,1023
1,2016,FALSE,30.83786,113,7.2,5729
1,2011,FALSE,2.689455,113,4.8,32
0,2016,FALSE,12.687521,87,6.7,706
0,2002,FALSE,1.404418,106,6,3
1,2016,FALSE,10.444797,110,6.4,453
1,2012,FALSE,0.613206,81,6,4
1,2013,FALSE,1.516169,92,4.6,7
0,2016,FALSE,3.244121,95,7.3,49
1,2015,FALSE,2.09366,90,5.7,11
1,2015,FALSE,0.550609,94,6.7,3
1,2016,FALSE,1.579585,87,6.2,19
1,2015,FALSE,4.405129,104,6.2,105
1,2003,FALSE,5.973243,100,4.9,90
1,1999,FALSE,5.671228,120,5.6,29
0,2016,FALSE,0.826013,83,5.4,13
1,1995,FALSE,0.416171,174,0,0
1,2016,FALSE,1.347996,93,6,10
1,2010,FALSE,5.765804,90,4.2,46
0,2013,FALSE,2.448345,90,6,11
1,1996,FALSE,1.653906,239,6.2,6
1,1995,FALSE,0.001459,300,0,0
1,1996,FALSE,0.361228,240,0,0
0,2016,FALSE,25.373662,110,6.2,394
1,2016,FALSE,19.681686,128,7.9,4745
0,2016,FALSE,6.042021,108,7.3,165
1,2016,FALSE,4.909346,116,7,91
1,2016,FALSE,13.085186,124,6.6,1415
1,2003,FALSE,6.533171,91,5.4,119
1,2015,FALSE,0.008326,51,6.4,4
0,2016,FALSE,0.603245,95,3.5,5
0,2016,FALSE,3.495883,78,7.2,37
0,1999,FALSE,18.311054,121,5.7,2316
1,2016,FALSE,9.48515,105,5.9,608
1,2016,FALSE,10.182974,99,5.8,735
1,2008,FALSE,0.536386,107,7,3
1,2016,FALSE,16.83711,92,6.7,1054
0,2016,FALSE,8.312298,94,6.6,22
1,1995,FALSE,0.010759,178,0,0
1,2016,FALSE,4.412986,85,5.3,36
1,2016,FALSE,10.754997,109,6.5,161
1,2016,FALSE,15.60562,118,5.3,1843
0,2016,FALSE,7.723801,104,5.7,115
1,2014,FALSE,0.551363,153,9,2
1,2005,FALSE,0.001448,60,0,0
1,2016,FALSE,4.057445,117,8,30
1,1999,FALSE,0.366982,180,4,2
1,2016,FALSE,5.455625,104,7,133
1,2016,FALSE,12.821257,135,7.5,1553
0,2016,FALSE,17.085145,118,8,1699
1,2016,FALSE,0.357906,93,5.8,6
1,2007,FALSE,0.745793,100,6.6,5
1,2016,FALSE,4.583609,89,4.2,108
0,2016,FALSE,31.772396,86,6.3,799
0,2014,FALSE,0.730281,93,6.5,4
1,2016,FALSE,7.288877,111,5.4,195
1,2006,FALSE,1.385838,95,5.2,6
0,2016,FALSE,14.575883,97,6.9,1553
1,2016,FALSE,1.714399,91,6.9,21
0,2016,FALSE,5.830839,98,5.8,230
0,2014,FALSE,1.883573,18,8.1,22
1,2013,FALSE,2.897734,91,4.9,18
1,2016,FALSE,6.249112,111,6.5,84
1,2011,FALSE,1.371273,94,4.9,6
1,2011,FALSE,2.667456,99,6,49
1,2016,FALSE,0.409502,89,4,3
0,2014,FALSE,0.07784,90,0,0
1,2016,FALSE,9.143457,107,7.3,3471
1,2012,FALSE,8.362716,100,6.5,737
1,2016,FALSE,8.228918,105,5.4,541
0,2016,FALSE,9.030904,94,5.9,193
0,2016,FALSE,19.94393,129,6.2,416
1,2016,FALSE,28.920839,117,7,4461
0,2016,FALSE,20.02976,91,5.2,1619
1,2016,FALSE,14.017754,132,7.2,317
1,2008,FALSE,20.303632,116,6.7,4134
1,2016,FALSE,16.816834,127,7.8,2178
1,2016,FALSE,11.599716,139,6.7,750
1,2016,FALSE,9.855927,119,7.3,213
0,2016,FALSE,15.884744,103,5.8,1465
0,2015,FALSE,1.190657,3,6.8,17
1,2016,FALSE,3.393888,120,7,32
1,2016,FALSE,20.045673,108,6.8,2363
0,2015,FALSE,12.474119,97,5.3,118
0,2008,FALSE,0.418286,73,0,1
1,2016,FALSE,6.59707,84,6.3,63
